user_id,plan,country,signup_ts
1,free,GB,2024-06-13 00:00:00
2,free,US,2024-04-02 00:00:00
3,free,BR,2024-12-03 00:00:00
4,pro,GB,2024-12-13 00:00:00
5,free,IN,2024-11-27 00:00:00
6,free,BR,2024-05-29 00:00:00
7,free,BR,2024-10-30 00:00:00
8,pro,CA,2024-02-15 00:00:00
9,free,US,2024-03-12 00:00:00
10,free,US,2024-09-10 00:00:00
11,free,GB,2024-08-06 00:00:00
12,free,BR,2024-11-02 00:00:00
13,free,BR,2024-01-18 00:00:00
14,free,BR,2024-03-15 00:00:00
15,free,DE,2024-11-13 00:00:00
16,free,US,2024-03-19 00:00:00
17,free,GB,2024-04-22 00:00:00
18,free,IN,2023-12-01 00:00:00
19,free,BR,2024-05-14 00:00:00
20,free,GB,2024-10-01 00:00:00
21,free,GB,2024-11-21 00:00:00
22,free,BR,2024-04-23 00:00:00
23,pro,CA,2024-05-17 00:00:00
24,free,US,2024-11-02 00:00:00
25,free,GB,2023-12-11 00:00:00
26,free,IN,2024-05-31 00:00:00
27,free,CA,2024-11-23 00:00:00
28,pro,BR,2024-07-25 00:00:00
29,free,DE,2024-03-03 00:00:00
30,free,IN,2024-11-27 00:00:00
31,pro,DE,2024-05-04 00:00:00
32,free,US,2024-12-01 00:00:00
33,pro,DE,2024-02-05 00:00:00
34,free,CA,2024-05-18 00:00:00
35,free,IN,2024-01-25 00:00:00
36,free,IN,2024-07-04 00:00:00
37,free,US,2024-04-24 00:00:00
38,free,DE,2024-10-27 00:00:00
39,pro,IN,2024-06-15 00:00:00
40,pro,IN,2024-11-21 00:00:00
41,free,IN,2024-03-26 00:00:00
42,free,GB,2024-05-26 00:00:00
43,pro,DE,2024-01-06 00:00:00
44,free,DE,2024-01-18 00:00:00
45,pro,GB,2024-10-16 00:00:00
46,free,GB,2024-09-05 00:00:00
47,free,US,2024-04-28 00:00:00
48,pro,GB,2024-08-20 00:00:00
49,free,GB,2024-06-01 00:00:00
50,free,BR,2024-03-18 00:00:00
51,free,GB,2024-01-14 00:00:00
52,pro,BR,2024-02-01 00:00:00
53,free,US,2024-05-13 00:00:00
54,pro,CA,2024-03-21 00:00:00
55,free,IN,2024-06-14 00:00:00
56,free,CA,2024-06-10 00:00:00
57,free,US,2024-09-17 00:00:00
58,free,US,2024-07-11 00:00:00
59,free,US,2025-01-01 00:00:00
60,free,BR,2024-11-11 00:00:00
61,pro,BR,2024-12-19 00:00:00
62,free,GB,2024-02-22 00:00:00
63,free,CA,2024-08-25 00:00:00
64,enterprise,BR,2024-06-29 00:00:00
65,free,US,2024-04-27 00:00:00
66,enterprise,IN,2024-05-01 00:00:00
67,free,US,2024-10-20 00:00:00
68,free,DE,2023-12-19 00:00:00
69,free,CA,2024-10-11 00:00:00
70,free,GB,2024-04-06 00:00:00
71,free,CA,2024-03-29 00:00:00
72,pro,BR,2024-08-02 00:00:00
73,enterprise,US,2024-01-11 00:00:00
74,pro,BR,2024-06-28 00:00:00
75,pro,DE,2023-12-03 00:00:00
76,free,BR,2023-11-30 00:00:00
77,free,CA,2024-09-09 00:00:00
78,free,GB,2024-09-01 00:00:00
79,pro,CA,2024-09-07 00:00:00
80,free,IN,2024-07-03 00:00:00
81,pro,US,2024-08-11 00:00:00
82,free,GB,2024-01-13 00:00:00
83,free,DE,2024-05-18 00:00:00
84,pro,CA,2024-07-07 00:00:00
85,enterprise,DE,2024-11-21 00:00:00
86,free,GB,2024-05-06 00:00:00
87,free,GB,2024-04-29 00:00:00
88,free,BR,2025-01-01 00:00:00
89,free,CA,2024-07-09 00:00:00
90,pro,US,2024-01-29 00:00:00
91,free,IN,2023-11-28 00:00:00
92,pro,GB,2024-05-02 00:00:00
93,pro,IN,2024-02-11 00:00:00
94,free,CA,2024-06-13 00:00:00
95,free,CA,2024-11-19 00:00:00
96,pro,GB,2024-10-28 00:00:00
97,free,BR,2024-05-08 00:00:00
98,pro,GB,2024-02-23 00:00:00
99,pro,IN,2024-01-31 00:00:00
100,pro,GB,2024-03-27 00:00:00
101,free,US,2024-12-25 00:00:00
102,pro,CA,2024-02-04 00:00:00
103,free,CA,2024-10-22 00:00:00
104,free,GB,2024-09-15 00:00:00
105,free,GB,2024-08-05 00:00:00
106,free,BR,2024-07-19 00:00:00
107,free,IN,2024-10-26 00:00:00
108,free,CA,2024-07-04 00:00:00
109,pro,CA,2024-03-09 00:00:00
110,pro,BR,2024-05-31 00:00:00
111,pro,BR,2024-10-27 00:00:00
112,free,BR,2024-04-15 00:00:00
113,free,IN,2023-12-01 00:00:00
114,free,US,2023-12-01 00:00:00
115,pro,GB,2024-10-21 00:00:00
116,free,CA,2024-11-01 00:00:00
117,free,DE,2024-01-18 00:00:00
118,free,BR,2024-04-29 00:00:00
119,pro,US,2024-03-21 00:00:00
120,free,GB,2024-08-13 00:00:00
121,free,US,2024-04-17 00:00:00
122,free,US,2023-12-09 00:00:00
123,pro,US,2024-05-20 00:00:00
124,free,BR,2024-02-26 00:00:00
125,free,CA,2024-08-13 00:00:00
126,free,BR,2024-05-02 00:00:00
127,free,GB,2024-01-10 00:00:00
128,free,DE,2024-03-21 00:00:00
129,pro,GB,2024-05-17 00:00:00
130,free,US,2024-06-15 00:00:00
131,free,US,2024-01-24 00:00:00
132,free,US,2024-09-15 00:00:00
133,free,US,2023-12-01 00:00:00
134,free,CA,2024-02-07 00:00:00
135,free,GB,2024-08-25 00:00:00
136,pro,IN,2024-09-11 00:00:00
137,pro,US,2024-06-12 00:00:00
138,pro,GB,2024-01-26 00:00:00
139,pro,GB,2024-01-06 00:00:00
140,free,BR,2024-06-09 00:00:00
141,free,GB,2024-07-03 00:00:00
142,free,CA,2024-06-28 00:00:00
143,free,BR,2024-05-12 00:00:00
144,free,US,2024-06-19 00:00:00
145,free,BR,2024-08-03 00:00:00
146,free,US,2024-11-05 00:00:00
147,enterprise,GB,2024-11-09 00:00:00
148,free,DE,2024-12-12 00:00:00
149,pro,GB,2024-08-16 00:00:00
150,pro,IN,2024-01-21 00:00:00
151,pro,DE,2024-06-08 00:00:00
152,free,BR,2024-03-15 00:00:00
153,free,DE,2024-11-17 00:00:00
154,free,CA,2024-09-30 00:00:00
155,free,US,2024-08-17 00:00:00
156,pro,CA,2024-11-17 00:00:00
157,pro,US,2024-02-25 00:00:00
158,pro,US,2024-08-19 00:00:00
159,pro,IN,2024-12-27 00:00:00
160,free,BR,2024-06-02 00:00:00
161,pro,DE,2024-02-18 00:00:00
162,free,BR,2024-01-04 00:00:00
163,free,US,2024-10-11 00:00:00
164,free,GB,2024-09-20 00:00:00
165,pro,CA,2024-07-29 00:00:00
166,free,GB,2024-08-06 00:00:00
167,free,CA,2024-10-02 00:00:00
168,free,US,2024-08-26 00:00:00
169,free,US,2023-12-23 00:00:00
170,free,GB,2024-04-13 00:00:00
171,free,IN,2024-11-08 00:00:00
172,free,CA,2024-05-25 00:00:00
173,free,BR,2024-06-14 00:00:00
174,enterprise,DE,2024-01-15 00:00:00
175,free,GB,2024-07-10 00:00:00
176,free,CA,2023-12-25 00:00:00
177,free,IN,2024-07-08 00:00:00
178,enterprise,GB,2024-12-25 00:00:00
179,free,CA,2024-08-24 00:00:00
180,free,US,2024-11-19 00:00:00
181,free,IN,2024-04-17 00:00:00
182,free,DE,2024-03-01 00:00:00
183,free,DE,2024-12-09 00:00:00
184,free,GB,2024-08-17 00:00:00
185,free,DE,2024-06-29 00:00:00
186,enterprise,BR,2024-07-20 00:00:00
187,free,DE,2024-09-12 00:00:00
188,free,US,2024-07-14 00:00:00
189,free,IN,2024-08-12 00:00:00
190,free,GB,2024-08-27 00:00:00
191,free,US,2024-11-16 00:00:00
192,free,US,2024-10-20 00:00:00
193,free,US,2024-06-14 00:00:00
194,free,DE,2024-02-14 00:00:00
195,free,BR,2024-04-06 00:00:00
196,pro,GB,2024-01-31 00:00:00
197,pro,BR,2024-06-16 00:00:00
198,pro,CA,2024-04-23 00:00:00
199,free,CA,2024-02-20 00:00:00
200,free,US,2024-01-01 00:00:00
201,pro,CA,2024-05-27 00:00:00
202,pro,BR,2024-10-22 00:00:00
203,pro,BR,2024-03-16 00:00:00
204,pro,US,2024-01-16 00:00:00
205,free,CA,2024-01-18 00:00:00
206,enterprise,CA,2024-09-06 00:00:00
207,free,US,2024-10-25 00:00:00
208,free,US,2024-06-23 00:00:00
209,pro,BR,2024-12-07 00:00:00
210,free,CA,2024-04-04 00:00:00
211,free,IN,2024-08-19 00:00:00
212,free,US,2023-12-15 00:00:00
213,pro,BR,2024-11-15 00:00:00
214,free,US,2023-12-17 00:00:00
215,pro,DE,2024-11-24 00:00:00
216,pro,GB,2023-12-25 00:00:00
217,pro,GB,2023-12-20 00:00:00
218,free,IN,2024-04-24 00:00:00
219,pro,US,2024-05-01 00:00:00
220,pro,DE,2023-12-06 00:00:00
221,free,CA,2024-02-07 00:00:00
222,free,BR,2024-10-18 00:00:00
223,free,CA,2023-12-18 00:00:00
224,free,BR,2024-03-17 00:00:00
225,free,IN,2024-12-01 00:00:00
226,free,CA,2024-11-12 00:00:00
227,free,CA,2024-04-26 00:00:00
228,free,BR,2024-08-08 00:00:00
229,free,IN,2023-12-06 00:00:00
230,free,BR,2024-09-21 00:00:00
231,free,US,2024-05-04 00:00:00
232,free,IN,2024-11-23 00:00:00
233,pro,IN,2024-08-17 00:00:00
234,free,GB,2024-11-24 00:00:00
235,free,GB,2023-12-16 00:00:00
236,free,DE,2024-10-26 00:00:00
237,free,CA,2024-04-16 00:00:00
238,free,US,2024-01-07 00:00:00
239,free,IN,2024-04-28 00:00:00
240,free,GB,2024-12-31 00:00:00
241,pro,CA,2024-05-16 00:00:00
242,free,CA,2024-10-21 00:00:00
243,free,IN,2024-07-24 00:00:00
244,free,DE,2025-01-01 00:00:00
245,free,DE,2024-06-12 00:00:00
246,free,GB,2024-01-02 00:00:00
247,free,CA,2024-08-06 00:00:00
248,free,US,2024-06-14 00:00:00
249,free,BR,2024-11-23 00:00:00
250,free,IN,2023-12-12 00:00:00
251,free,US,2024-08-11 00:00:00
252,free,CA,2024-08-08 00:00:00
253,free,GB,2024-08-27 00:00:00
254,enterprise,IN,2024-04-15 00:00:00
255,free,DE,2024-05-27 00:00:00
256,pro,CA,2024-06-11 00:00:00
257,pro,BR,2024-03-26 00:00:00
258,free,US,2024-12-07 00:00:00
259,pro,IN,2024-05-16 00:00:00
260,free,GB,2024-02-07 00:00:00
261,pro,IN,2024-12-07 00:00:00
262,pro,BR,2024-10-28 00:00:00
263,free,IN,2024-07-10 00:00:00
264,free,DE,2023-12-20 00:00:00
265,pro,CA,2024-08-21 00:00:00
266,free,GB,2024-07-31 00:00:00
267,free,CA,2024-06-14 00:00:00
268,free,CA,2024-10-11 00:00:00
269,free,BR,2024-04-22 00:00:00
270,free,IN,2024-07-15 00:00:00
271,enterprise,IN,2024-05-28 00:00:00
272,free,GB,2024-08-30 00:00:00
273,free,DE,2024-03-23 00:00:00
274,free,GB,2024-06-27 00:00:00
275,free,BR,2024-09-20 00:00:00
276,pro,CA,2024-06-04 00:00:00
277,free,CA,2024-04-08 00:00:00
278,free,DE,2024-07-12 00:00:00
279,pro,IN,2024-08-12 00:00:00
280,free,DE,2024-10-29 00:00:00
281,free,BR,2024-02-14 00:00:00
282,pro,GB,2024-11-15 00:00:00
283,free,GB,2024-06-19 00:00:00
284,free,IN,2024-05-25 00:00:00
285,enterprise,US,2024-10-28 00:00:00
286,free,CA,2023-12-07 00:00:00
287,pro,IN,2024-03-07 00:00:00
288,free,US,2024-06-15 00:00:00
289,pro,BR,2024-05-07 00:00:00
290,enterprise,GB,2023-11-28 00:00:00
291,free,GB,2024-10-16 00:00:00
292,free,CA,2024-11-07 00:00:00
293,pro,CA,2024-01-09 00:00:00
294,free,IN,2024-11-19 00:00:00
295,free,US,2025-01-01 00:00:00
296,pro,GB,2024-03-16 00:00:00
297,pro,CA,2024-01-01 00:00:00
298,free,GB,2024-02-16 00:00:00
299,free,CA,2024-05-23 00:00:00
300,free,US,2024-11-12 00:00:00
301,free,BR,2024-03-09 00:00:00
302,free,DE,2024-09-09 00:00:00
303,pro,US,2024-12-27 00:00:00
304,free,IN,2024-08-12 00:00:00
305,enterprise,CA,2024-08-30 00:00:00
306,free,GB,2024-03-27 00:00:00
307,free,IN,2024-01-07 00:00:00
308,free,US,2024-12-21 00:00:00
309,free,CA,2024-02-05 00:00:00
310,free,DE,2024-09-07 00:00:00
311,free,DE,2024-09-07 00:00:00
312,free,CA,2024-07-12 00:00:00
313,pro,DE,2024-01-18 00:00:00
314,free,US,2024-08-05 00:00:00
315,pro,BR,2024-11-28 00:00:00
316,free,GB,2024-07-26 00:00:00
317,pro,GB,2024-09-05 00:00:00
318,free,DE,2023-12-09 00:00:00
319,pro,US,2024-02-17 00:00:00
320,free,GB,2024-09-09 00:00:00
321,free,CA,2024-12-04 00:00:00
322,pro,GB,2024-06-14 00:00:00
323,free,US,2024-03-02 00:00:00
324,free,US,2024-01-04 00:00:00
325,free,IN,2024-05-16 00:00:00
326,pro,DE,2023-12-23 00:00:00
327,free,US,2024-10-09 00:00:00
328,free,GB,2024-02-02 00:00:00
329,pro,CA,2024-05-07 00:00:00
330,free,CA,2023-12-27 00:00:00
331,free,DE,2024-07-16 00:00:00
332,free,US,2024-12-31 00:00:00
333,free,US,2024-07-06 00:00:00
334,free,US,2024-03-20 00:00:00
335,enterprise,GB,2024-06-21 00:00:00
336,free,DE,2024-05-25 00:00:00
337,free,CA,2024-05-04 00:00:00
338,free,BR,2024-05-18 00:00:00
339,free,DE,2023-12-21 00:00:00
340,pro,US,2024-02-13 00:00:00
341,free,CA,2023-12-06 00:00:00
342,free,IN,2024-12-15 00:00:00
343,free,US,2024-08-23 00:00:00
344,free,US,2024-02-26 00:00:00
345,free,DE,2024-07-14 00:00:00
346,enterprise,BR,2024-12-10 00:00:00
347,free,CA,2024-01-14 00:00:00
348,free,DE,2024-08-02 00:00:00
349,free,BR,2024-02-12 00:00:00
350,pro,US,2024-12-20 00:00:00
351,pro,US,2024-05-03 00:00:00
352,pro,IN,2023-12-01 00:00:00
353,free,DE,2024-05-26 00:00:00
354,pro,GB,2024-04-22 00:00:00
355,free,CA,2024-07-30 00:00:00
356,pro,GB,2024-02-26 00:00:00
357,free,DE,2024-05-11 00:00:00
358,free,BR,2024-11-22 00:00:00
359,free,IN,2023-12-13 00:00:00
360,free,IN,2024-11-29 00:00:00
361,free,IN,2024-03-25 00:00:00
362,free,GB,2024-05-28 00:00:00
363,pro,US,2024-08-19 00:00:00
364,free,GB,2024-11-13 00:00:00
365,free,CA,2024-05-18 00:00:00
366,free,GB,2024-06-02 00:00:00
367,free,CA,2024-09-03 00:00:00
368,pro,CA,2023-12-10 00:00:00
369,free,DE,2024-08-04 00:00:00
370,free,DE,2024-06-25 00:00:00
371,free,DE,2024-09-22 00:00:00
372,free,GB,2024-08-29 00:00:00
373,free,DE,2024-03-11 00:00:00
374,free,US,2024-06-13 00:00:00
375,free,GB,2024-04-17 00:00:00
376,free,CA,2024-11-11 00:00:00
377,free,US,2024-11-10 00:00:00
378,free,GB,2024-05-17 00:00:00
379,pro,US,2024-08-04 00:00:00
380,free,US,2024-09-26 00:00:00
381,free,BR,2024-09-24 00:00:00
382,pro,DE,2024-04-14 00:00:00
383,pro,IN,2024-02-28 00:00:00
384,free,CA,2024-12-29 00:00:00
385,free,BR,2024-01-04 00:00:00
386,free,GB,2024-12-13 00:00:00
387,free,GB,2024-12-10 00:00:00
388,free,DE,2024-12-13 00:00:00
389,free,CA,2024-09-19 00:00:00
390,pro,DE,2024-06-06 00:00:00
391,free,GB,2024-02-19 00:00:00
392,free,GB,2024-12-16 00:00:00
393,pro,BR,2024-04-29 00:00:00
394,free,US,2024-06-13 00:00:00
395,free,GB,2024-02-09 00:00:00
396,free,CA,2024-10-10 00:00:00
397,free,DE,2024-06-06 00:00:00
398,enterprise,CA,2024-07-28 00:00:00
399,free,US,2024-07-26 00:00:00
400,pro,DE,2024-06-03 00:00:00
401,free,DE,2024-02-07 00:00:00
402,free,CA,2024-06-08 00:00:00
403,free,US,2024-05-24 00:00:00
404,pro,IN,2024-11-04 00:00:00
405,pro,IN,2024-03-12 00:00:00
406,pro,IN,2023-12-03 00:00:00
407,free,US,2024-12-06 00:00:00
408,free,CA,2024-06-12 00:00:00
409,free,BR,2024-06-26 00:00:00
410,pro,GB,2024-10-19 00:00:00
411,free,GB,2024-04-10 00:00:00
412,free,US,2024-11-07 00:00:00
413,free,GB,2024-07-31 00:00:00
414,free,US,2024-04-29 00:00:00
415,free,BR,2024-02-11 00:00:00
416,free,CA,2024-02-19 00:00:00
417,free,GB,2024-02-09 00:00:00
418,pro,GB,2024-02-19 00:00:00
419,free,GB,2024-05-04 00:00:00
420,free,GB,2024-12-11 00:00:00
421,free,BR,2024-10-13 00:00:00
422,free,US,2024-10-17 00:00:00
423,free,CA,2024-09-25 00:00:00
424,free,BR,2023-12-11 00:00:00
425,free,CA,2024-07-20 00:00:00
426,free,BR,2024-05-13 00:00:00
427,free,CA,2023-11-30 00:00:00
428,free,IN,2024-07-28 00:00:00
429,free,IN,2024-06-16 00:00:00
430,free,IN,2024-04-19 00:00:00
431,free,US,2024-12-31 00:00:00
432,free,IN,2024-05-08 00:00:00
433,free,BR,2023-11-29 00:00:00
434,pro,GB,2024-05-04 00:00:00
435,free,US,2024-10-28 00:00:00
436,free,DE,2024-11-16 00:00:00
437,pro,BR,2024-04-15 00:00:00
438,free,US,2024-02-11 00:00:00
439,free,CA,2024-07-25 00:00:00
440,pro,BR,2024-11-22 00:00:00
441,free,BR,2024-06-22 00:00:00
442,free,GB,2024-12-19 00:00:00
443,pro,BR,2023-12-24 00:00:00
444,free,US,2024-09-24 00:00:00
445,free,IN,2024-08-07 00:00:00
446,enterprise,GB,2024-01-16 00:00:00
447,pro,GB,2024-11-29 00:00:00
448,pro,BR,2023-12-11 00:00:00
449,free,DE,2024-02-22 00:00:00
450,free,IN,2024-10-20 00:00:00
451,free,IN,2024-09-17 00:00:00
452,free,BR,2024-04-17 00:00:00
453,free,DE,2024-12-14 00:00:00
454,free,IN,2024-10-11 00:00:00
455,free,DE,2024-01-20 00:00:00
456,free,IN,2024-10-07 00:00:00
457,pro,DE,2024-11-04 00:00:00
458,pro,US,2024-02-11 00:00:00
459,pro,IN,2024-03-23 00:00:00
460,free,CA,2024-11-09 00:00:00
461,free,BR,2024-02-14 00:00:00
462,pro,CA,2024-06-25 00:00:00
463,free,DE,2024-03-12 00:00:00
464,free,DE,2023-12-07 00:00:00
465,free,GB,2024-10-03 00:00:00
466,free,US,2024-08-03 00:00:00
467,pro,DE,2024-07-27 00:00:00
468,free,BR,2024-01-28 00:00:00
469,pro,CA,2025-01-01 00:00:00
470,pro,GB,2024-10-17 00:00:00
471,free,CA,2024-05-25 00:00:00
472,free,DE,2024-12-08 00:00:00
473,free,GB,2024-02-23 00:00:00
474,free,US,2024-12-05 00:00:00
475,free,DE,2024-07-30 00:00:00
476,free,DE,2024-04-03 00:00:00
477,free,BR,2024-07-31 00:00:00
478,free,GB,2024-06-28 00:00:00
479,free,IN,2024-10-12 00:00:00
480,free,GB,2024-01-05 00:00:00
481,free,US,2024-11-30 00:00:00
482,free,CA,2023-11-28 00:00:00
483,free,DE,2024-12-27 00:00:00
484,free,BR,2024-07-06 00:00:00
485,free,BR,2024-05-19 00:00:00
486,free,BR,2023-12-23 00:00:00
487,free,GB,2025-01-01 00:00:00
488,free,BR,2024-12-20 00:00:00
489,free,GB,2024-10-12 00:00:00
490,free,US,2024-12-26 00:00:00
491,free,CA,2024-09-23 00:00:00
492,free,GB,2024-04-11 00:00:00
493,free,BR,2024-02-05 00:00:00
494,free,BR,2024-10-04 00:00:00
495,free,US,2024-08-01 00:00:00
496,free,CA,2023-11-28 00:00:00
497,free,BR,2024-12-29 00:00:00
498,free,IN,2023-12-17 00:00:00
499,pro,US,2023-12-19 00:00:00
500,free,GB,2024-09-08 00:00:00
501,enterprise,DE,2024-09-05 00:00:00
502,free,US,2024-07-14 00:00:00
503,pro,CA,2024-08-20 00:00:00
504,pro,DE,2024-02-11 00:00:00
505,free,IN,2024-01-16 00:00:00
506,pro,BR,2024-08-19 00:00:00
507,free,GB,2024-11-19 00:00:00
508,pro,US,2024-10-07 00:00:00
509,free,GB,2023-12-18 00:00:00
510,free,GB,2023-12-16 00:00:00
511,pro,GB,2024-06-16 00:00:00
512,free,GB,2024-06-21 00:00:00
513,pro,CA,2024-01-13 00:00:00
514,enterprise,BR,2024-05-06 00:00:00
515,free,BR,2024-01-10 00:00:00
516,free,US,2024-05-23 00:00:00
517,enterprise,GB,2024-03-15 00:00:00
518,pro,GB,2024-06-15 00:00:00
519,free,US,2024-03-18 00:00:00
520,pro,GB,2024-12-16 00:00:00
521,free,US,2024-02-18 00:00:00
522,pro,DE,2024-10-21 00:00:00
523,pro,US,2024-12-11 00:00:00
524,free,CA,2024-02-12 00:00:00
525,free,US,2023-12-21 00:00:00
526,free,BR,2023-12-08 00:00:00
527,free,BR,2024-01-27 00:00:00
528,free,CA,2024-06-19 00:00:00
529,free,GB,2024-09-19 00:00:00
530,free,US,2023-12-13 00:00:00
531,free,CA,2024-02-13 00:00:00
532,free,US,2024-10-26 00:00:00
533,free,CA,2024-09-19 00:00:00
534,free,DE,2024-05-30 00:00:00
535,free,DE,2024-08-23 00:00:00
536,pro,US,2024-01-01 00:00:00
537,pro,DE,2023-12-05 00:00:00
538,enterprise,BR,2024-05-03 00:00:00
539,pro,BR,2023-12-17 00:00:00
540,free,IN,2024-12-17 00:00:00
541,free,US,2024-07-08 00:00:00
542,free,US,2024-04-01 00:00:00
543,free,CA,2024-11-16 00:00:00
544,free,DE,2024-10-06 00:00:00
545,free,BR,2024-09-20 00:00:00
546,free,US,2024-12-30 00:00:00
547,free,US,2024-04-25 00:00:00
548,free,GB,2024-04-23 00:00:00
549,free,BR,2024-08-21 00:00:00
550,free,GB,2024-08-09 00:00:00
551,pro,CA,2024-09-05 00:00:00
552,free,US,2024-02-11 00:00:00
553,pro,IN,2024-01-11 00:00:00
554,free,US,2024-02-15 00:00:00
555,free,US,2024-06-10 00:00:00
556,pro,CA,2024-11-18 00:00:00
557,free,CA,2024-12-20 00:00:00
558,free,DE,2024-08-20 00:00:00
559,free,BR,2024-04-20 00:00:00
560,free,CA,2024-09-04 00:00:00
561,pro,GB,2024-04-04 00:00:00
562,free,CA,2023-12-13 00:00:00
563,free,US,2024-07-07 00:00:00
564,free,BR,2024-10-14 00:00:00
565,pro,IN,2024-01-29 00:00:00
566,free,DE,2024-10-07 00:00:00
567,free,CA,2023-12-03 00:00:00
568,free,GB,2024-10-29 00:00:00
569,free,CA,2024-01-11 00:00:00
570,free,GB,2024-08-18 00:00:00
571,free,CA,2024-02-20 00:00:00
572,free,GB,2024-08-28 00:00:00
573,pro,BR,2024-04-09 00:00:00
574,free,GB,2024-07-18 00:00:00
575,enterprise,DE,2023-12-25 00:00:00
576,enterprise,GB,2024-01-31 00:00:00
577,free,IN,2024-10-16 00:00:00
578,enterprise,DE,2023-12-23 00:00:00
579,free,DE,2024-09-23 00:00:00
580,free,US,2024-08-11 00:00:00
581,free,IN,2024-05-09 00:00:00
582,free,IN,2024-05-23 00:00:00
583,free,BR,2024-02-13 00:00:00
584,free,US,2024-10-21 00:00:00
585,free,CA,2024-06-08 00:00:00
586,free,GB,2024-05-26 00:00:00
587,pro,BR,2023-12-15 00:00:00
588,free,GB,2024-01-26 00:00:00
589,pro,CA,2024-01-09 00:00:00
590,free,GB,2024-01-20 00:00:00
591,free,US,2024-05-14 00:00:00
592,free,DE,2024-02-15 00:00:00
593,pro,IN,2024-08-30 00:00:00
594,pro,CA,2024-01-03 00:00:00
595,free,DE,2024-05-30 00:00:00
596,free,US,2024-02-18 00:00:00
597,pro,BR,2024-01-22 00:00:00
598,free,GB,2024-02-01 00:00:00
599,free,US,2024-06-16 00:00:00
600,pro,US,2024-12-13 00:00:00
601,free,GB,2024-10-11 00:00:00
602,pro,GB,2024-04-11 00:00:00
603,free,BR,2024-05-13 00:00:00
604,free,CA,2024-05-03 00:00:00
605,free,CA,2024-06-26 00:00:00
606,free,IN,2023-12-19 00:00:00
607,pro,GB,2024-01-17 00:00:00
608,free,BR,2023-12-08 00:00:00
609,pro,CA,2024-02-22 00:00:00
610,free,US,2024-08-25 00:00:00
611,free,IN,2024-12-01 00:00:00
612,free,IN,2024-05-31 00:00:00
613,free,CA,2024-07-05 00:00:00
614,free,US,2024-09-09 00:00:00
615,free,IN,2024-04-07 00:00:00
616,enterprise,IN,2024-05-10 00:00:00
617,free,GB,2023-12-01 00:00:00
618,free,CA,2024-09-25 00:00:00
619,free,BR,2023-12-29 00:00:00
620,free,GB,2024-07-05 00:00:00
621,free,IN,2024-05-07 00:00:00
622,enterprise,BR,2024-02-04 00:00:00
623,free,IN,2024-07-04 00:00:00
624,pro,GB,2024-08-18 00:00:00
625,pro,CA,2024-08-25 00:00:00
626,enterprise,CA,2024-09-28 00:00:00
627,free,CA,2024-08-11 00:00:00
628,free,CA,2024-07-31 00:00:00
629,free,IN,2024-05-27 00:00:00
630,free,US,2024-01-30 00:00:00
631,pro,GB,2024-07-30 00:00:00
632,pro,US,2024-11-19 00:00:00
633,pro,DE,2024-10-22 00:00:00
634,free,DE,2024-02-12 00:00:00
635,free,CA,2024-12-27 00:00:00
636,free,US,2024-02-01 00:00:00
637,free,BR,2024-11-11 00:00:00
638,free,GB,2024-09-28 00:00:00
639,pro,DE,2024-10-15 00:00:00
640,free,IN,2024-04-03 00:00:00
641,free,CA,2024-02-25 00:00:00
642,enterprise,US,2024-01-25 00:00:00
643,pro,BR,2024-02-11 00:00:00
644,pro,GB,2024-04-23 00:00:00
645,free,BR,2024-11-22 00:00:00
646,pro,IN,2024-01-24 00:00:00
647,pro,BR,2024-11-02 00:00:00
648,free,GB,2024-10-22 00:00:00
649,free,BR,2024-12-03 00:00:00
650,free,GB,2024-01-09 00:00:00
651,free,IN,2024-10-09 00:00:00
652,free,CA,2024-12-29 00:00:00
653,free,DE,2024-05-07 00:00:00
654,free,IN,2024-01-27 00:00:00
655,free,IN,2024-06-24 00:00:00
656,free,CA,2024-11-24 00:00:00
657,free,DE,2024-02-11 00:00:00
658,free,US,2024-02-24 00:00:00
659,free,CA,2024-07-16 00:00:00
660,pro,US,2024-04-15 00:00:00
661,free,GB,2024-12-15 00:00:00
662,free,IN,2024-02-16 00:00:00
663,free,US,2024-01-30 00:00:00
664,free,IN,2023-11-30 00:00:00
665,free,GB,2024-08-09 00:00:00
666,free,IN,2024-08-26 00:00:00
667,free,DE,2024-08-05 00:00:00
668,free,IN,2024-06-09 00:00:00
669,free,DE,2024-04-17 00:00:00
670,free,GB,2024-02-01 00:00:00
671,free,US,2024-07-16 00:00:00
672,free,CA,2024-08-01 00:00:00
673,free,CA,2024-11-18 00:00:00
674,pro,US,2024-06-11 00:00:00
675,pro,IN,2024-03-28 00:00:00
676,free,IN,2024-08-01 00:00:00
677,free,US,2024-09-26 00:00:00
678,pro,IN,2024-02-25 00:00:00
679,pro,US,2024-04-20 00:00:00
680,pro,BR,2024-06-23 00:00:00
681,free,CA,2024-01-23 00:00:00
682,free,BR,2024-01-19 00:00:00
683,free,US,2024-01-26 00:00:00
684,free,CA,2023-12-08 00:00:00
685,free,CA,2024-10-01 00:00:00
686,pro,IN,2023-12-02 00:00:00
687,free,CA,2024-12-26 00:00:00
688,free,GB,2024-07-27 00:00:00
689,free,DE,2024-07-31 00:00:00
690,free,US,2024-07-22 00:00:00
691,free,BR,2024-02-08 00:00:00
692,free,US,2024-04-22 00:00:00
693,free,US,2024-11-02 00:00:00
694,pro,IN,2024-03-13 00:00:00
695,free,IN,2024-05-18 00:00:00
696,free,CA,2024-06-17 00:00:00
697,free,CA,2024-10-14 00:00:00
698,free,IN,2024-03-27 00:00:00
699,free,CA,2024-05-05 00:00:00
700,free,GB,2024-02-16 00:00:00
701,free,US,2024-12-28 00:00:00
702,free,US,2024-11-17 00:00:00
703,free,US,2024-10-27 00:00:00
704,free,DE,2023-12-30 00:00:00
705,free,IN,2023-12-23 00:00:00
706,pro,US,2024-06-28 00:00:00
707,pro,CA,2024-01-12 00:00:00
708,pro,CA,2023-12-10 00:00:00
709,free,CA,2024-03-22 00:00:00
710,pro,IN,2024-01-25 00:00:00
711,pro,DE,2024-12-06 00:00:00
712,pro,US,2024-12-01 00:00:00
713,free,CA,2024-01-16 00:00:00
714,pro,US,2024-06-16 00:00:00
715,free,CA,2024-02-29 00:00:00
716,free,IN,2024-02-25 00:00:00
717,free,DE,2024-03-13 00:00:00
718,pro,IN,2024-01-21 00:00:00
719,free,US,2024-06-30 00:00:00
720,enterprise,GB,2024-02-14 00:00:00
721,pro,IN,2024-06-18 00:00:00
722,pro,IN,2024-08-15 00:00:00
723,pro,BR,2024-07-15 00:00:00
724,free,US,2024-02-18 00:00:00
725,enterprise,CA,2024-02-29 00:00:00
726,free,BR,2023-12-27 00:00:00
727,enterprise,GB,2024-02-29 00:00:00
728,pro,BR,2024-05-27 00:00:00
729,enterprise,GB,2024-06-23 00:00:00
730,free,IN,2024-02-28 00:00:00
731,pro,GB,2024-05-15 00:00:00
732,free,US,2024-07-21 00:00:00
733,free,IN,2024-10-13 00:00:00
734,free,US,2024-08-07 00:00:00
735,pro,BR,2024-10-18 00:00:00
736,free,BR,2024-01-17 00:00:00
737,pro,IN,2024-07-08 00:00:00
738,free,BR,2024-03-24 00:00:00
739,free,IN,2024-09-21 00:00:00
740,pro,CA,2024-09-04 00:00:00
741,free,US,2024-01-21 00:00:00
742,free,CA,2024-09-18 00:00:00
743,pro,BR,2023-12-14 00:00:00
744,free,IN,2024-05-11 00:00:00
745,free,BR,2024-07-04 00:00:00
746,pro,GB,2024-06-12 00:00:00
747,free,DE,2024-04-09 00:00:00
748,free,BR,2024-03-06 00:00:00
749,free,GB,2024-09-25 00:00:00
750,free,CA,2024-08-06 00:00:00
751,free,BR,2024-07-02 00:00:00
752,free,BR,2024-10-17 00:00:00
753,free,IN,2024-06-24 00:00:00
754,pro,DE,2024-02-13 00:00:00
755,free,US,2024-10-14 00:00:00
756,free,US,2024-07-09 00:00:00
757,free,BR,2024-12-22 00:00:00
758,free,GB,2024-03-18 00:00:00
759,free,BR,2024-09-14 00:00:00
760,free,DE,2024-05-28 00:00:00
761,free,IN,2023-12-06 00:00:00
762,free,BR,2024-10-26 00:00:00
763,free,US,2024-07-12 00:00:00
764,free,GB,2024-06-22 00:00:00
765,free,US,2024-12-15 00:00:00
766,free,CA,2024-05-12 00:00:00
767,free,US,2024-03-01 00:00:00
768,free,US,2024-01-06 00:00:00
769,enterprise,DE,2024-07-22 00:00:00
770,free,CA,2024-11-17 00:00:00
771,enterprise,CA,2024-04-17 00:00:00
772,free,IN,2024-10-12 00:00:00
773,free,GB,2023-12-29 00:00:00
774,free,US,2024-08-23 00:00:00
775,pro,US,2024-03-24 00:00:00
776,pro,US,2024-08-22 00:00:00
777,pro,CA,2023-12-20 00:00:00
778,free,IN,2024-12-04 00:00:00
779,free,DE,2023-12-12 00:00:00
780,free,GB,2024-01-21 00:00:00
781,pro,BR,2024-03-05 00:00:00
782,free,CA,2024-11-09 00:00:00
783,free,DE,2024-08-23 00:00:00
784,free,DE,2024-04-30 00:00:00
785,free,IN,2024-09-01 00:00:00
786,pro,CA,2024-12-26 00:00:00
787,free,GB,2024-12-14 00:00:00
788,free,GB,2024-11-23 00:00:00
789,pro,DE,2023-12-15 00:00:00
790,free,IN,2024-11-13 00:00:00
791,pro,IN,2024-12-21 00:00:00
792,free,IN,2024-07-12 00:00:00
793,free,GB,2024-05-02 00:00:00
794,free,DE,2024-10-20 00:00:00
795,free,CA,2024-12-03 00:00:00
796,free,IN,2024-03-24 00:00:00
797,pro,IN,2024-10-17 00:00:00
798,free,IN,2024-08-28 00:00:00
799,free,DE,2024-03-15 00:00:00
800,pro,DE,2024-10-08 00:00:00
801,free,US,2024-07-23 00:00:00
802,free,IN,2024-11-04 00:00:00
803,free,BR,2024-12-03 00:00:00
804,free,CA,2024-09-15 00:00:00
805,free,DE,2024-11-01 00:00:00
806,free,GB,2024-06-29 00:00:00
807,free,DE,2024-09-01 00:00:00
808,pro,US,2024-06-16 00:00:00
809,free,GB,2024-12-03 00:00:00
810,pro,DE,2024-10-20 00:00:00
811,enterprise,US,2024-05-20 00:00:00
812,pro,DE,2024-04-15 00:00:00
813,free,US,2024-04-07 00:00:00
814,free,DE,2024-05-24 00:00:00
815,free,IN,2024-09-12 00:00:00
816,free,GB,2024-10-23 00:00:00
817,pro,BR,2023-12-04 00:00:00
818,free,GB,2024-09-23 00:00:00
819,free,US,2024-02-25 00:00:00
820,pro,DE,2024-10-04 00:00:00
821,free,BR,2024-01-25 00:00:00
822,pro,GB,2024-03-09 00:00:00
823,free,US,2024-11-29 00:00:00
824,free,BR,2024-06-07 00:00:00
825,pro,US,2024-04-11 00:00:00
826,pro,DE,2024-08-10 00:00:00
827,pro,IN,2024-11-16 00:00:00
828,free,IN,2024-10-25 00:00:00
829,pro,DE,2024-08-27 00:00:00
830,free,DE,2024-12-14 00:00:00
831,free,DE,2024-03-13 00:00:00
832,free,US,2024-07-03 00:00:00
833,free,IN,2024-04-12 00:00:00
834,free,DE,2024-01-02 00:00:00
835,free,DE,2023-11-30 00:00:00
836,pro,IN,2024-03-12 00:00:00
837,pro,US,2024-08-05 00:00:00
838,pro,CA,2024-04-23 00:00:00
839,free,US,2024-04-05 00:00:00
840,pro,GB,2024-12-22 00:00:00
841,free,US,2024-09-09 00:00:00
842,free,GB,2024-11-10 00:00:00
843,free,BR,2024-12-17 00:00:00
844,free,CA,2023-12-20 00:00:00
845,free,US,2024-03-01 00:00:00
846,free,IN,2024-04-09 00:00:00
847,free,IN,2024-11-10 00:00:00
848,free,US,2023-12-31 00:00:00
849,free,DE,2024-10-30 00:00:00
850,free,BR,2024-04-20 00:00:00
851,pro,US,2024-10-31 00:00:00
852,free,GB,2024-03-30 00:00:00
853,free,GB,2024-10-18 00:00:00
854,free,IN,2023-12-16 00:00:00
855,free,US,2024-02-11 00:00:00
856,free,IN,2024-03-02 00:00:00
857,pro,BR,2024-12-14 00:00:00
858,free,US,2023-12-01 00:00:00
859,free,IN,2024-08-31 00:00:00
860,pro,CA,2024-05-23 00:00:00
861,pro,BR,2024-07-21 00:00:00
862,pro,BR,2024-12-05 00:00:00
863,free,GB,2024-01-19 00:00:00
864,pro,GB,2024-05-30 00:00:00
865,free,US,2024-06-29 00:00:00
866,free,GB,2024-11-27 00:00:00
867,free,GB,2024-04-18 00:00:00
868,free,GB,2024-10-22 00:00:00
869,free,IN,2023-12-01 00:00:00
870,enterprise,IN,2024-02-12 00:00:00
871,free,US,2024-12-15 00:00:00
872,pro,BR,2024-08-18 00:00:00
873,pro,BR,2024-08-15 00:00:00
874,free,US,2024-02-18 00:00:00
875,free,US,2024-04-10 00:00:00
876,free,GB,2024-12-12 00:00:00
877,free,DE,2024-07-08 00:00:00
878,free,US,2024-12-02 00:00:00
879,free,BR,2024-08-17 00:00:00
880,free,BR,2024-04-03 00:00:00
881,pro,IN,2024-10-30 00:00:00
882,free,DE,2024-06-07 00:00:00
883,free,DE,2024-08-30 00:00:00
884,pro,CA,2024-03-28 00:00:00
885,free,IN,2024-02-24 00:00:00
886,free,GB,2024-02-04 00:00:00
887,free,BR,2024-01-04 00:00:00
888,free,BR,2024-07-30 00:00:00
889,free,IN,2024-07-27 00:00:00
890,free,DE,2024-09-10 00:00:00
891,free,BR,2024-06-19 00:00:00
892,enterprise,IN,2024-12-26 00:00:00
893,pro,GB,2024-09-01 00:00:00
894,free,DE,2024-04-25 00:00:00
895,free,GB,2024-08-03 00:00:00
896,free,US,2024-10-12 00:00:00
897,free,BR,2024-07-07 00:00:00
898,free,US,2024-04-12 00:00:00
899,free,IN,2024-07-04 00:00:00
900,pro,US,2024-04-10 00:00:00
901,free,CA,2023-12-20 00:00:00
902,pro,IN,2024-07-13 00:00:00
903,free,GB,2024-01-22 00:00:00
904,free,BR,2024-08-13 00:00:00
905,pro,BR,2024-11-14 00:00:00
906,pro,CA,2023-12-10 00:00:00
907,enterprise,DE,2024-02-14 00:00:00
908,pro,CA,2024-10-28 00:00:00
909,free,US,2024-12-30 00:00:00
910,free,BR,2024-03-08 00:00:00
911,free,IN,2024-03-15 00:00:00
912,free,DE,2024-02-18 00:00:00
913,free,IN,2024-05-15 00:00:00
914,free,DE,2023-12-28 00:00:00
915,free,DE,2024-06-15 00:00:00
916,free,BR,2024-06-19 00:00:00
917,free,US,2023-12-17 00:00:00
918,pro,IN,2024-06-21 00:00:00
919,free,GB,2024-04-02 00:00:00
920,free,GB,2024-05-23 00:00:00
921,free,BR,2024-09-05 00:00:00
922,free,DE,2024-07-20 00:00:00
923,enterprise,BR,2024-08-30 00:00:00
924,enterprise,GB,2024-05-28 00:00:00
925,pro,US,2024-12-19 00:00:00
926,free,BR,2024-04-22 00:00:00
927,free,BR,2023-12-02 00:00:00
928,free,BR,2024-05-23 00:00:00
929,free,BR,2023-12-26 00:00:00
930,free,IN,2024-05-09 00:00:00
931,free,BR,2024-01-21 00:00:00
932,free,US,2024-01-21 00:00:00
933,free,GB,2024-11-12 00:00:00
934,free,BR,2024-06-10 00:00:00
935,free,BR,2024-10-15 00:00:00
936,pro,IN,2024-04-27 00:00:00
937,free,BR,2024-03-07 00:00:00
938,free,BR,2023-12-16 00:00:00
939,pro,GB,2024-06-30 00:00:00
940,free,US,2024-07-26 00:00:00
941,free,US,2024-02-01 00:00:00
942,pro,CA,2024-07-10 00:00:00
943,pro,BR,2024-05-31 00:00:00
944,free,BR,2024-08-06 00:00:00
945,pro,GB,2024-04-18 00:00:00
946,pro,IN,2024-09-30 00:00:00
947,free,BR,2024-02-28 00:00:00
948,free,BR,2024-02-13 00:00:00
949,free,US,2024-01-13 00:00:00
950,free,US,2024-07-28 00:00:00
951,pro,BR,2024-12-30 00:00:00
952,pro,IN,2024-11-12 00:00:00
953,free,CA,2024-12-17 00:00:00
954,free,IN,2023-12-05 00:00:00
955,free,DE,2024-02-05 00:00:00
956,pro,BR,2024-10-20 00:00:00
957,free,IN,2024-02-28 00:00:00
958,free,GB,2024-04-11 00:00:00
959,pro,US,2024-12-18 00:00:00
960,free,GB,2024-04-09 00:00:00
961,free,IN,2024-02-23 00:00:00
962,free,US,2024-02-04 00:00:00
963,free,BR,2024-07-20 00:00:00
964,free,GB,2024-07-04 00:00:00
965,free,US,2024-08-18 00:00:00
966,free,BR,2024-11-30 00:00:00
967,free,IN,2024-02-17 00:00:00
968,free,US,2024-09-11 00:00:00
969,pro,BR,2023-12-07 00:00:00
970,enterprise,IN,2024-12-05 00:00:00
971,free,GB,2024-09-09 00:00:00
972,free,BR,2024-10-05 00:00:00
973,free,IN,2024-07-30 00:00:00
974,free,DE,2024-04-23 00:00:00
975,enterprise,US,2024-08-30 00:00:00
976,free,CA,2023-12-31 00:00:00
977,free,IN,2024-07-27 00:00:00
978,free,CA,2024-04-28 00:00:00
979,free,GB,2024-11-18 00:00:00
980,free,DE,2024-06-21 00:00:00
981,free,DE,2024-06-13 00:00:00
982,free,US,2024-07-14 00:00:00
983,free,IN,2024-07-14 00:00:00
984,free,US,2024-10-30 00:00:00
985,free,DE,2024-03-24 00:00:00
986,free,GB,2024-05-07 00:00:00
987,free,GB,2024-05-23 00:00:00
988,free,CA,2024-12-20 00:00:00
989,free,GB,2024-08-31 00:00:00
990,pro,US,2024-09-23 00:00:00
991,free,GB,2024-03-23 00:00:00
992,free,GB,2024-10-12 00:00:00
993,free,GB,2023-12-29 00:00:00
994,free,CA,2024-03-10 00:00:00
995,free,IN,2024-04-18 00:00:00
996,free,IN,2024-01-22 00:00:00
997,free,CA,2024-08-21 00:00:00
998,free,IN,2024-03-07 00:00:00
999,enterprise,BR,2024-08-28 00:00:00
1000,free,BR,2024-09-15 00:00:00
1001,free,US,2024-01-20 00:00:00
1002,free,BR,2024-08-16 00:00:00
1003,pro,IN,2024-12-18 00:00:00
1004,free,BR,2024-10-19 00:00:00
1005,free,IN,2024-01-04 00:00:00
1006,free,GB,2023-12-01 00:00:00
1007,pro,DE,2024-09-27 00:00:00
1008,free,US,2024-11-28 00:00:00
1009,free,DE,2024-04-20 00:00:00
1010,pro,GB,2024-11-29 00:00:00
1011,pro,US,2024-09-08 00:00:00
1012,free,CA,2024-06-11 00:00:00
1013,free,IN,2024-05-09 00:00:00
1014,pro,CA,2024-10-26 00:00:00
1015,pro,GB,2024-12-17 00:00:00
1016,free,CA,2024-01-14 00:00:00
1017,free,IN,2024-12-20 00:00:00
1018,free,CA,2024-05-10 00:00:00
1019,free,IN,2024-07-05 00:00:00
1020,pro,US,2024-09-30 00:00:00
1021,free,DE,2024-02-25 00:00:00
1022,pro,CA,2024-01-21 00:00:00
1023,free,US,2024-02-25 00:00:00
1024,free,GB,2023-12-11 00:00:00
1025,free,IN,2023-12-20 00:00:00
1026,free,DE,2024-02-14 00:00:00
1027,free,GB,2024-03-18 00:00:00
1028,pro,BR,2024-04-22 00:00:00
1029,pro,DE,2024-05-24 00:00:00
1030,free,BR,2024-07-07 00:00:00
1031,pro,US,2023-12-07 00:00:00
1032,pro,DE,2024-12-11 00:00:00
1033,pro,BR,2024-02-26 00:00:00
1034,free,GB,2024-01-19 00:00:00
1035,free,DE,2024-09-16 00:00:00
1036,pro,DE,2023-12-15 00:00:00
1037,pro,IN,2024-01-12 00:00:00
1038,pro,CA,2024-02-21 00:00:00
1039,pro,DE,2024-04-07 00:00:00
1040,free,IN,2024-05-20 00:00:00
1041,pro,CA,2024-04-19 00:00:00
1042,pro,CA,2024-02-16 00:00:00
1043,free,US,2024-01-21 00:00:00
1044,free,IN,2024-01-23 00:00:00
1045,free,GB,2024-04-26 00:00:00
1046,pro,US,2024-01-08 00:00:00
1047,pro,BR,2024-08-21 00:00:00
1048,free,GB,2023-11-29 00:00:00
1049,free,BR,2024-08-21 00:00:00
1050,free,US,2024-10-07 00:00:00
1051,free,IN,2024-11-15 00:00:00
1052,free,DE,2024-10-23 00:00:00
1053,free,CA,2024-04-27 00:00:00
1054,free,GB,2024-01-06 00:00:00
1055,free,BR,2024-01-13 00:00:00
1056,free,CA,2024-07-06 00:00:00
1057,free,GB,2024-01-05 00:00:00
1058,free,BR,2024-08-31 00:00:00
1059,free,US,2024-03-27 00:00:00
1060,free,GB,2024-01-21 00:00:00
1061,free,BR,2024-05-10 00:00:00
1062,pro,IN,2024-09-18 00:00:00
1063,free,DE,2024-12-26 00:00:00
1064,free,GB,2024-12-10 00:00:00
1065,free,DE,2024-07-30 00:00:00
1066,free,CA,2024-07-27 00:00:00
1067,free,US,2024-10-11 00:00:00
1068,free,IN,2024-03-16 00:00:00
1069,free,GB,2024-03-22 00:00:00
1070,free,US,2024-05-07 00:00:00
1071,enterprise,IN,2024-11-20 00:00:00
1072,pro,DE,2023-12-20 00:00:00
1073,free,US,2024-02-06 00:00:00
1074,free,IN,2024-04-26 00:00:00
1075,free,BR,2024-07-21 00:00:00
1076,free,US,2024-02-07 00:00:00
1077,free,BR,2023-12-24 00:00:00
1078,free,DE,2024-02-02 00:00:00
1079,free,GB,2023-12-16 00:00:00
1080,free,IN,2024-10-19 00:00:00
1081,free,GB,2024-02-10 00:00:00
1082,free,CA,2024-10-07 00:00:00
1083,free,CA,2024-07-27 00:00:00
1084,pro,DE,2024-06-21 00:00:00
1085,free,DE,2024-07-22 00:00:00
1086,free,GB,2024-03-25 00:00:00
1087,pro,DE,2024-09-01 00:00:00
1088,free,US,2024-03-17 00:00:00
1089,pro,CA,2024-06-09 00:00:00
1090,pro,GB,2024-04-23 00:00:00
1091,free,CA,2024-10-13 00:00:00
1092,enterprise,BR,2024-03-10 00:00:00
1093,free,GB,2024-01-15 00:00:00
1094,free,GB,2024-05-20 00:00:00
1095,free,IN,2024-11-17 00:00:00
1096,enterprise,IN,2024-05-01 00:00:00
1097,free,CA,2024-06-25 00:00:00
1098,free,BR,2024-04-15 00:00:00
1099,free,DE,2024-11-26 00:00:00
1100,free,BR,2024-01-04 00:00:00
1101,free,DE,2024-11-30 00:00:00
1102,free,CA,2024-10-03 00:00:00
1103,pro,GB,2024-06-22 00:00:00
1104,free,IN,2024-03-19 00:00:00
1105,free,BR,2024-09-23 00:00:00
1106,free,BR,2024-07-20 00:00:00
1107,free,IN,2024-04-03 00:00:00
1108,pro,GB,2024-06-10 00:00:00
1109,enterprise,BR,2024-11-21 00:00:00
1110,pro,US,2023-12-28 00:00:00
1111,free,BR,2024-01-30 00:00:00
1112,free,BR,2024-05-31 00:00:00
1113,enterprise,IN,2024-01-31 00:00:00
1114,free,DE,2024-07-10 00:00:00
1115,free,CA,2024-12-18 00:00:00
1116,pro,GB,2024-01-20 00:00:00
1117,pro,CA,2024-11-19 00:00:00
1118,free,BR,2024-06-25 00:00:00
1119,free,IN,2024-07-01 00:00:00
1120,free,BR,2024-05-21 00:00:00
1121,free,US,2024-09-07 00:00:00
1122,free,GB,2024-03-27 00:00:00
1123,pro,GB,2024-08-25 00:00:00
1124,free,GB,2024-04-05 00:00:00
1125,free,CA,2024-04-26 00:00:00
1126,free,IN,2024-09-08 00:00:00
1127,free,CA,2024-11-05 00:00:00
1128,pro,BR,2024-03-17 00:00:00
1129,free,IN,2024-01-20 00:00:00
1130,free,IN,2024-10-25 00:00:00
1131,pro,BR,2024-04-17 00:00:00
1132,pro,US,2024-02-16 00:00:00
1133,enterprise,CA,2024-04-13 00:00:00
1134,free,CA,2024-06-15 00:00:00
1135,free,GB,2024-03-19 00:00:00
1136,free,US,2024-10-23 00:00:00
1137,free,BR,2024-12-03 00:00:00
1138,free,US,2024-06-25 00:00:00
1139,free,CA,2024-03-03 00:00:00
1140,enterprise,IN,2024-08-01 00:00:00
1141,free,GB,2024-05-28 00:00:00
1142,pro,US,2024-02-18 00:00:00
1143,enterprise,GB,2024-03-19 00:00:00
1144,free,CA,2024-07-04 00:00:00
1145,free,CA,2024-07-11 00:00:00
1146,pro,CA,2024-01-19 00:00:00
1147,free,DE,2024-10-31 00:00:00
1148,free,BR,2023-12-21 00:00:00
1149,free,DE,2023-12-29 00:00:00
1150,free,BR,2024-07-05 00:00:00
1151,free,BR,2024-07-18 00:00:00
1152,pro,US,2024-12-15 00:00:00
1153,pro,CA,2024-08-30 00:00:00
1154,free,GB,2024-01-12 00:00:00
1155,free,BR,2024-05-21 00:00:00
1156,free,US,2024-04-27 00:00:00
1157,free,DE,2024-09-29 00:00:00
1158,free,DE,2024-01-16 00:00:00
1159,free,GB,2024-03-06 00:00:00
1160,pro,BR,2024-01-14 00:00:00
1161,pro,DE,2024-05-19 00:00:00
1162,free,DE,2024-10-16 00:00:00
1163,free,IN,2024-12-16 00:00:00
1164,pro,US,2024-11-24 00:00:00
1165,free,CA,2024-01-20 00:00:00
1166,free,IN,2024-10-12 00:00:00
1167,free,IN,2024-06-14 00:00:00
1168,free,BR,2024-04-12 00:00:00
1169,free,DE,2024-04-06 00:00:00
1170,free,GB,2024-03-06 00:00:00
1171,free,GB,2024-10-07 00:00:00
1172,pro,CA,2024-05-07 00:00:00
1173,free,IN,2024-06-17 00:00:00
1174,pro,DE,2024-12-29 00:00:00
1175,free,IN,2024-07-15 00:00:00
1176,free,GB,2024-05-11 00:00:00
1177,pro,BR,2024-12-09 00:00:00
1178,free,CA,2024-01-24 00:00:00
1179,free,IN,2024-08-15 00:00:00
1180,free,DE,2024-07-03 00:00:00
1181,free,BR,2024-03-08 00:00:00
1182,enterprise,CA,2024-12-15 00:00:00
1183,pro,US,2024-09-21 00:00:00
1184,pro,CA,2024-03-15 00:00:00
1185,free,DE,2024-08-10 00:00:00
1186,pro,GB,2024-10-21 00:00:00
1187,free,DE,2023-12-08 00:00:00
1188,free,DE,2024-04-16 00:00:00
1189,pro,GB,2024-07-06 00:00:00
1190,pro,CA,2024-06-08 00:00:00
1191,free,CA,2024-07-13 00:00:00
1192,free,IN,2024-04-19 00:00:00
1193,free,GB,2024-09-03 00:00:00
1194,enterprise,GB,2024-10-24 00:00:00
1195,free,CA,2024-05-14 00:00:00
1196,free,IN,2024-03-16 00:00:00
1197,pro,GB,2024-03-07 00:00:00
1198,free,DE,2023-12-30 00:00:00
1199,free,CA,2024-03-15 00:00:00
1200,free,DE,2024-11-25 00:00:00
1201,pro,BR,2024-11-22 00:00:00
1202,free,DE,2024-03-10 00:00:00
1203,free,IN,2024-07-03 00:00:00
1204,enterprise,CA,2024-05-27 00:00:00
1205,pro,US,2024-04-28 00:00:00
1206,free,GB,2024-08-13 00:00:00
1207,pro,BR,2024-12-21 00:00:00
1208,pro,CA,2024-08-17 00:00:00
1209,free,US,2024-09-12 00:00:00
1210,free,IN,2024-09-21 00:00:00
1211,pro,DE,2024-04-20 00:00:00
1212,free,GB,2024-08-31 00:00:00
1213,pro,GB,2024-02-29 00:00:00
1214,free,US,2024-03-13 00:00:00
1215,free,GB,2024-12-30 00:00:00
1216,free,BR,2024-02-08 00:00:00
1217,pro,CA,2024-07-20 00:00:00
1218,pro,GB,2024-07-21 00:00:00
1219,free,CA,2024-12-19 00:00:00
1220,free,IN,2024-02-24 00:00:00
1221,free,DE,2024-10-04 00:00:00
1222,free,IN,2024-12-09 00:00:00
1223,free,BR,2024-07-14 00:00:00
1224,pro,BR,2024-06-11 00:00:00
1225,free,IN,2024-12-26 00:00:00
1226,free,DE,2024-03-19 00:00:00
1227,free,DE,2024-12-04 00:00:00
1228,free,CA,2023-12-28 00:00:00
1229,pro,GB,2024-11-15 00:00:00
1230,free,GB,2024-10-20 00:00:00
1231,free,US,2024-07-02 00:00:00
1232,pro,IN,2024-07-09 00:00:00
1233,free,BR,2024-03-23 00:00:00
1234,free,BR,2024-03-13 00:00:00
1235,free,CA,2024-02-20 00:00:00
1236,free,CA,2024-05-02 00:00:00
1237,pro,CA,2024-07-27 00:00:00
1238,free,BR,2024-01-06 00:00:00
1239,free,DE,2024-06-30 00:00:00
1240,free,DE,2024-10-26 00:00:00
1241,free,BR,2024-05-03 00:00:00
1242,free,DE,2024-10-16 00:00:00
1243,enterprise,GB,2024-06-10 00:00:00
1244,pro,US,2024-12-18 00:00:00
1245,free,US,2024-12-02 00:00:00
1246,free,GB,2024-03-23 00:00:00
1247,pro,DE,2024-02-26 00:00:00
1248,free,GB,2024-10-03 00:00:00
1249,pro,GB,2024-04-06 00:00:00
1250,free,CA,2024-08-30 00:00:00
1251,free,IN,2024-09-14 00:00:00
1252,free,DE,2024-06-16 00:00:00
1253,free,DE,2024-12-19 00:00:00
1254,free,CA,2024-12-25 00:00:00
1255,free,CA,2024-06-10 00:00:00
1256,free,DE,2024-12-02 00:00:00
1257,free,IN,2024-06-06 00:00:00
1258,pro,IN,2024-01-31 00:00:00
1259,free,GB,2024-12-17 00:00:00
1260,free,DE,2024-01-04 00:00:00
1261,free,GB,2024-07-04 00:00:00
1262,free,IN,2024-02-07 00:00:00
1263,free,IN,2024-09-13 00:00:00
1264,enterprise,GB,2024-05-02 00:00:00
1265,pro,DE,2023-12-14 00:00:00
1266,free,DE,2024-08-10 00:00:00
1267,free,US,2024-04-28 00:00:00
1268,pro,GB,2024-10-11 00:00:00
1269,free,BR,2024-03-02 00:00:00
1270,enterprise,GB,2024-03-11 00:00:00
1271,free,GB,2023-12-22 00:00:00
1272,free,IN,2024-09-30 00:00:00
1273,free,GB,2024-08-02 00:00:00
1274,free,US,2024-10-16 00:00:00
1275,enterprise,US,2024-10-25 00:00:00
1276,pro,GB,2024-04-19 00:00:00
1277,pro,US,2023-12-14 00:00:00
1278,free,CA,2024-06-12 00:00:00
1279,free,DE,2024-02-08 00:00:00
1280,pro,CA,2024-06-12 00:00:00
1281,pro,US,2024-03-08 00:00:00
1282,free,CA,2024-01-14 00:00:00
1283,free,GB,2024-04-18 00:00:00
1284,free,BR,2024-05-26 00:00:00
1285,free,CA,2024-12-22 00:00:00
1286,free,DE,2024-11-29 00:00:00
1287,pro,US,2024-04-27 00:00:00
1288,enterprise,BR,2024-05-27 00:00:00
1289,free,GB,2024-01-17 00:00:00
1290,free,CA,2023-12-21 00:00:00
1291,free,US,2024-04-05 00:00:00
1292,free,IN,2024-11-23 00:00:00
1293,free,GB,2024-09-09 00:00:00
1294,pro,DE,2024-01-07 00:00:00
1295,free,DE,2024-08-17 00:00:00
1296,free,US,2024-09-23 00:00:00
1297,free,IN,2024-03-23 00:00:00
1298,enterprise,DE,2024-12-27 00:00:00
1299,free,US,2024-02-02 00:00:00
1300,free,DE,2024-03-27 00:00:00
1301,free,IN,2023-12-17 00:00:00
1302,pro,IN,2024-05-30 00:00:00
1303,free,IN,2024-06-19 00:00:00
1304,enterprise,IN,2023-12-09 00:00:00
1305,free,IN,2024-10-20 00:00:00
1306,pro,CA,2024-12-30 00:00:00
1307,free,BR,2024-08-24 00:00:00
1308,free,CA,2024-06-22 00:00:00
1309,enterprise,GB,2024-01-28 00:00:00
1310,free,BR,2024-12-15 00:00:00
1311,pro,US,2024-06-08 00:00:00
1312,free,DE,2024-01-17 00:00:00
1313,free,BR,2024-01-25 00:00:00
1314,free,BR,2025-01-01 00:00:00
1315,free,CA,2024-05-06 00:00:00
1316,free,BR,2024-03-28 00:00:00
1317,enterprise,GB,2024-02-14 00:00:00
1318,pro,IN,2024-07-04 00:00:00
1319,pro,IN,2024-04-07 00:00:00
1320,free,CA,2024-01-21 00:00:00
1321,pro,US,2024-02-15 00:00:00
1322,pro,CA,2024-09-09 00:00:00
1323,pro,DE,2024-08-20 00:00:00
1324,pro,IN,2023-12-29 00:00:00
1325,free,BR,2024-05-02 00:00:00
1326,free,GB,2024-11-29 00:00:00
1327,pro,BR,2024-06-29 00:00:00
1328,free,BR,2024-10-07 00:00:00
1329,pro,GB,2024-01-23 00:00:00
1330,free,CA,2024-05-11 00:00:00
1331,free,CA,2024-12-10 00:00:00
1332,free,DE,2024-05-27 00:00:00
1333,free,GB,2024-01-08 00:00:00
1334,free,US,2024-06-29 00:00:00
1335,free,BR,2024-04-10 00:00:00
1336,free,CA,2024-11-17 00:00:00
1337,free,DE,2024-05-18 00:00:00
1338,free,IN,2024-02-12 00:00:00
1339,free,GB,2023-12-10 00:00:00
1340,free,US,2024-01-19 00:00:00
1341,free,IN,2024-04-10 00:00:00
1342,free,BR,2024-06-26 00:00:00
1343,free,IN,2024-08-25 00:00:00
1344,free,GB,2025-01-01 00:00:00
1345,free,US,2024-03-05 00:00:00
1346,free,CA,2024-03-29 00:00:00
1347,free,DE,2024-08-24 00:00:00
1348,free,IN,2024-11-16 00:00:00
1349,free,IN,2024-11-17 00:00:00
1350,free,IN,2024-08-06 00:00:00
1351,free,DE,2024-12-10 00:00:00
1352,pro,IN,2024-06-28 00:00:00
1353,free,DE,2024-06-07 00:00:00
1354,free,BR,2024-08-23 00:00:00
1355,free,IN,2024-03-11 00:00:00
1356,free,BR,2024-09-25 00:00:00
1357,enterprise,CA,2024-03-10 00:00:00
1358,free,CA,2024-09-19 00:00:00
1359,free,US,2024-11-22 00:00:00
1360,pro,IN,2024-06-14 00:00:00
1361,free,IN,2024-02-07 00:00:00
1362,pro,US,2024-11-07 00:00:00
1363,free,IN,2024-05-10 00:00:00
1364,pro,IN,2024-06-03 00:00:00
1365,enterprise,GB,2024-11-29 00:00:00
1366,free,IN,2024-10-24 00:00:00
1367,free,US,2024-01-24 00:00:00
1368,free,GB,2024-06-10 00:00:00
1369,free,CA,2024-08-04 00:00:00
1370,free,IN,2023-12-04 00:00:00
1371,free,US,2024-09-10 00:00:00
1372,pro,BR,2024-12-25 00:00:00
1373,free,US,2023-12-13 00:00:00
1374,free,IN,2024-12-04 00:00:00
1375,pro,GB,2024-01-03 00:00:00
1376,free,US,2024-03-26 00:00:00
1377,free,IN,2024-03-09 00:00:00
1378,free,IN,2024-12-07 00:00:00
1379,pro,GB,2024-07-21 00:00:00
1380,free,BR,2024-12-29 00:00:00
1381,free,BR,2024-08-14 00:00:00
1382,free,US,2024-07-25 00:00:00
1383,free,CA,2024-08-02 00:00:00
1384,free,BR,2024-05-31 00:00:00
1385,free,DE,2024-07-30 00:00:00
1386,free,IN,2024-05-23 00:00:00
1387,pro,DE,2024-07-29 00:00:00
1388,free,US,2024-09-17 00:00:00
1389,free,DE,2024-05-09 00:00:00
1390,free,CA,2024-03-09 00:00:00
1391,free,DE,2024-09-21 00:00:00
1392,free,CA,2024-03-23 00:00:00
1393,free,CA,2024-07-25 00:00:00
1394,free,US,2024-06-06 00:00:00
1395,enterprise,DE,2024-12-14 00:00:00
1396,free,IN,2024-08-05 00:00:00
1397,free,GB,2024-03-04 00:00:00
1398,free,IN,2023-12-26 00:00:00
1399,free,GB,2024-12-03 00:00:00
1400,free,CA,2024-10-30 00:00:00
1401,free,US,2024-03-02 00:00:00
1402,free,US,2023-12-29 00:00:00
1403,free,GB,2024-04-21 00:00:00
1404,free,CA,2024-01-22 00:00:00
1405,pro,GB,2024-04-03 00:00:00
1406,pro,GB,2023-11-30 00:00:00
1407,pro,GB,2024-04-12 00:00:00
1408,free,US,2024-09-20 00:00:00
1409,pro,US,2024-06-03 00:00:00
1410,free,DE,2024-01-06 00:00:00
1411,pro,CA,2024-05-29 00:00:00
1412,free,US,2024-01-11 00:00:00
1413,free,GB,2024-05-18 00:00:00
1414,free,GB,2024-03-09 00:00:00
1415,pro,CA,2024-03-20 00:00:00
1416,pro,DE,2024-08-22 00:00:00
1417,free,GB,2024-10-16 00:00:00
1418,pro,CA,2024-09-05 00:00:00
1419,free,US,2024-07-18 00:00:00
1420,free,CA,2024-08-05 00:00:00
1421,free,BR,2024-01-12 00:00:00
1422,free,IN,2024-10-17 00:00:00
1423,pro,IN,2024-07-15 00:00:00
1424,free,US,2024-12-13 00:00:00
1425,pro,US,2024-01-31 00:00:00
1426,pro,CA,2024-04-08 00:00:00
1427,free,DE,2024-04-26 00:00:00
1428,free,IN,2024-11-15 00:00:00
1429,free,DE,2024-07-30 00:00:00
1430,free,BR,2023-12-11 00:00:00
1431,free,GB,2024-05-06 00:00:00
1432,free,GB,2024-03-11 00:00:00
1433,pro,US,2024-03-10 00:00:00
1434,free,US,2024-07-09 00:00:00
1435,free,GB,2024-01-31 00:00:00
1436,free,GB,2024-07-15 00:00:00
1437,free,IN,2024-08-28 00:00:00
1438,free,DE,2024-10-02 00:00:00
1439,free,DE,2024-11-27 00:00:00
1440,pro,IN,2024-11-14 00:00:00
1441,pro,US,2024-10-11 00:00:00
1442,free,IN,2024-12-14 00:00:00
1443,free,BR,2024-03-11 00:00:00
1444,free,CA,2024-01-11 00:00:00
1445,free,BR,2024-07-05 00:00:00
1446,free,CA,2024-01-28 00:00:00
1447,pro,DE,2024-10-07 00:00:00
1448,free,US,2024-07-16 00:00:00
1449,free,CA,2024-05-01 00:00:00
1450,free,DE,2024-11-14 00:00:00
1451,free,GB,2024-11-03 00:00:00
1452,free,DE,2024-04-02 00:00:00
1453,free,DE,2024-05-07 00:00:00
1454,free,BR,2024-04-02 00:00:00
1455,free,DE,2024-06-28 00:00:00
1456,pro,DE,2024-06-09 00:00:00
1457,free,GB,2024-09-01 00:00:00
1458,pro,BR,2024-04-20 00:00:00
1459,free,US,2024-12-25 00:00:00
1460,free,US,2024-04-26 00:00:00
1461,pro,CA,2024-03-15 00:00:00
1462,free,CA,2024-09-06 00:00:00
1463,free,GB,2024-10-15 00:00:00
1464,pro,US,2024-05-29 00:00:00
1465,free,BR,2024-11-06 00:00:00
1466,free,US,2024-11-19 00:00:00
1467,free,GB,2024-09-04 00:00:00
1468,free,BR,2024-01-04 00:00:00
1469,pro,GB,2024-11-25 00:00:00
1470,free,US,2024-12-11 00:00:00
1471,free,CA,2024-10-04 00:00:00
1472,pro,DE,2024-11-19 00:00:00
1473,pro,IN,2024-03-04 00:00:00
1474,pro,US,2024-07-23 00:00:00
1475,pro,IN,2024-06-07 00:00:00
1476,free,GB,2024-10-18 00:00:00
1477,pro,CA,2024-10-08 00:00:00
1478,free,DE,2023-12-04 00:00:00
1479,free,GB,2024-09-11 00:00:00
1480,free,CA,2024-11-28 00:00:00
1481,enterprise,IN,2024-12-13 00:00:00
1482,free,DE,2024-11-27 00:00:00
1483,pro,CA,2024-11-30 00:00:00
1484,free,CA,2024-12-07 00:00:00
1485,pro,IN,2024-11-15 00:00:00
1486,free,DE,2024-03-09 00:00:00
1487,free,IN,2024-01-23 00:00:00
1488,pro,IN,2024-10-24 00:00:00
1489,free,CA,2024-07-30 00:00:00
1490,pro,CA,2024-05-08 00:00:00
1491,pro,CA,2024-03-05 00:00:00
1492,free,IN,2024-02-09 00:00:00
1493,pro,BR,2024-08-01 00:00:00
1494,pro,BR,2024-04-04 00:00:00
1495,free,CA,2024-11-03 00:00:00
1496,free,DE,2023-12-14 00:00:00
1497,pro,GB,2024-09-01 00:00:00
1498,free,IN,2024-03-20 00:00:00
1499,free,IN,2024-03-13 00:00:00
1500,pro,CA,2024-01-04 00:00:00
1501,free,CA,2024-06-13 00:00:00
1502,pro,CA,2023-12-02 00:00:00
1503,pro,IN,2024-06-08 00:00:00
1504,pro,GB,2024-02-02 00:00:00
1505,free,DE,2024-01-28 00:00:00
1506,free,IN,2024-07-29 00:00:00
1507,free,IN,2024-02-27 00:00:00
1508,free,US,2024-05-03 00:00:00
1509,free,BR,2024-08-01 00:00:00
1510,free,DE,2024-03-28 00:00:00
1511,free,DE,2024-06-14 00:00:00
1512,pro,BR,2024-12-16 00:00:00
1513,free,US,2024-08-16 00:00:00
1514,free,IN,2024-06-07 00:00:00
1515,free,GB,2024-11-01 00:00:00
1516,free,CA,2024-12-11 00:00:00
1517,free,GB,2024-06-16 00:00:00
1518,free,GB,2024-06-30 00:00:00
1519,free,DE,2024-02-24 00:00:00
1520,pro,IN,2024-07-28 00:00:00
1521,free,BR,2024-02-26 00:00:00
1522,free,GB,2024-06-15 00:00:00
1523,free,US,2024-10-04 00:00:00
1524,free,GB,2024-05-14 00:00:00
1525,free,CA,2024-08-26 00:00:00
1526,pro,CA,2024-11-11 00:00:00
1527,enterprise,CA,2023-12-13 00:00:00
1528,free,IN,2024-10-24 00:00:00
1529,pro,DE,2024-01-26 00:00:00
1530,free,BR,2024-02-17 00:00:00
1531,free,DE,2024-08-03 00:00:00
1532,free,CA,2024-01-04 00:00:00
1533,free,IN,2024-04-09 00:00:00
1534,pro,US,2024-02-01 00:00:00
1535,free,DE,2024-01-13 00:00:00
1536,enterprise,US,2024-01-18 00:00:00
1537,free,IN,2024-05-17 00:00:00
1538,free,BR,2024-10-16 00:00:00
1539,pro,CA,2024-05-12 00:00:00
1540,free,DE,2024-04-29 00:00:00
1541,free,DE,2024-10-20 00:00:00
1542,free,BR,2024-04-16 00:00:00
1543,free,IN,2024-10-05 00:00:00
1544,pro,CA,2024-08-11 00:00:00
1545,free,GB,2024-08-05 00:00:00
1546,pro,US,2024-05-31 00:00:00
1547,free,IN,2024-02-04 00:00:00
1548,free,CA,2024-02-09 00:00:00
1549,free,CA,2024-07-01 00:00:00
1550,free,DE,2024-07-20 00:00:00
1551,free,BR,2024-04-23 00:00:00
1552,pro,BR,2024-07-08 00:00:00
1553,pro,GB,2024-04-12 00:00:00
1554,pro,US,2024-10-10 00:00:00
1555,free,BR,2024-10-06 00:00:00
1556,free,US,2024-03-07 00:00:00
1557,free,IN,2023-12-01 00:00:00
1558,enterprise,CA,2024-09-28 00:00:00
1559,free,IN,2024-09-22 00:00:00
1560,free,IN,2024-06-09 00:00:00
1561,free,DE,2024-06-30 00:00:00
1562,free,IN,2024-05-05 00:00:00
1563,free,GB,2024-02-18 00:00:00
1564,free,IN,2024-02-10 00:00:00
1565,free,DE,2024-12-10 00:00:00
1566,free,BR,2024-05-06 00:00:00
1567,free,CA,2024-06-05 00:00:00
1568,pro,DE,2024-06-15 00:00:00
1569,free,IN,2024-04-05 00:00:00
1570,pro,CA,2024-10-31 00:00:00
1571,free,US,2024-12-11 00:00:00
1572,free,CA,2024-03-17 00:00:00
1573,free,BR,2024-07-01 00:00:00
1574,free,GB,2024-11-27 00:00:00
1575,pro,US,2023-12-13 00:00:00
1576,free,IN,2024-01-03 00:00:00
1577,free,DE,2024-10-09 00:00:00
1578,free,CA,2024-02-12 00:00:00
1579,pro,US,2023-12-02 00:00:00
1580,free,CA,2024-07-11 00:00:00
1581,free,IN,2024-07-13 00:00:00
1582,free,GB,2024-01-03 00:00:00
1583,pro,BR,2023-12-22 00:00:00
1584,free,CA,2024-08-07 00:00:00
1585,free,DE,2024-01-18 00:00:00
1586,free,IN,2024-11-28 00:00:00
1587,free,BR,2024-01-26 00:00:00
1588,free,IN,2024-06-09 00:00:00
1589,free,CA,2024-08-14 00:00:00
1590,pro,CA,2024-10-26 00:00:00
1591,free,CA,2023-12-12 00:00:00
1592,free,US,2024-08-10 00:00:00
1593,pro,CA,2024-02-04 00:00:00
1594,free,DE,2024-10-26 00:00:00
1595,free,CA,2024-06-19 00:00:00
1596,free,DE,2024-01-03 00:00:00
1597,free,BR,2024-02-27 00:00:00
1598,pro,DE,2024-02-25 00:00:00
1599,free,GB,2024-07-27 00:00:00
1600,free,CA,2024-03-16 00:00:00
1601,enterprise,US,2024-07-01 00:00:00
1602,free,BR,2024-11-26 00:00:00
1603,free,DE,2024-09-12 00:00:00
1604,free,CA,2023-12-07 00:00:00
1605,free,DE,2024-04-19 00:00:00
1606,free,IN,2024-03-05 00:00:00
1607,free,US,2024-12-12 00:00:00
1608,free,IN,2024-11-06 00:00:00
1609,free,DE,2024-02-14 00:00:00
1610,pro,DE,2024-04-05 00:00:00
1611,free,GB,2024-03-23 00:00:00
1612,pro,GB,2024-08-10 00:00:00
1613,pro,BR,2024-04-02 00:00:00
1614,pro,GB,2023-11-30 00:00:00
1615,free,BR,2024-08-17 00:00:00
1616,free,US,2024-02-14 00:00:00
1617,free,US,2024-03-08 00:00:00
1618,free,IN,2024-04-14 00:00:00
1619,enterprise,IN,2024-09-08 00:00:00
1620,free,US,2024-06-25 00:00:00
1621,enterprise,DE,2024-01-31 00:00:00
1622,enterprise,US,2024-02-08 00:00:00
1623,free,GB,2024-05-26 00:00:00
1624,free,CA,2024-01-05 00:00:00
1625,free,GB,2024-07-11 00:00:00
1626,free,US,2024-06-09 00:00:00
1627,free,GB,2024-11-23 00:00:00
1628,pro,BR,2024-12-24 00:00:00
1629,free,GB,2024-01-07 00:00:00
1630,pro,DE,2024-09-20 00:00:00
1631,free,CA,2024-08-03 00:00:00
1632,pro,US,2023-12-20 00:00:00
1633,pro,CA,2024-12-24 00:00:00
1634,free,GB,2024-06-02 00:00:00
1635,free,CA,2023-12-29 00:00:00
1636,pro,BR,2024-08-19 00:00:00
1637,free,CA,2024-10-10 00:00:00
1638,free,DE,2024-07-04 00:00:00
1639,free,US,2023-12-20 00:00:00
1640,free,DE,2024-05-31 00:00:00
1641,pro,CA,2024-05-14 00:00:00
1642,pro,DE,2024-11-08 00:00:00
1643,pro,DE,2023-11-30 00:00:00
1644,pro,IN,2024-11-20 00:00:00
1645,pro,DE,2024-05-03 00:00:00
1646,pro,GB,2024-11-07 00:00:00
1647,free,DE,2024-04-16 00:00:00
1648,free,DE,2024-08-26 00:00:00
1649,free,GB,2024-01-04 00:00:00
1650,free,BR,2024-05-23 00:00:00
1651,pro,CA,2024-06-19 00:00:00
1652,free,IN,2024-10-25 00:00:00
1653,free,US,2024-09-14 00:00:00
1654,pro,BR,2024-06-21 00:00:00
1655,free,US,2024-05-09 00:00:00
1656,pro,GB,2024-03-14 00:00:00
1657,free,US,2024-07-20 00:00:00
1658,free,BR,2024-05-10 00:00:00
1659,free,CA,2024-09-18 00:00:00
1660,free,GB,2024-07-04 00:00:00
1661,free,US,2024-11-12 00:00:00
1662,free,GB,2024-09-21 00:00:00
1663,free,BR,2024-03-08 00:00:00
1664,pro,CA,2024-01-06 00:00:00
1665,pro,US,2024-03-16 00:00:00
1666,pro,US,2024-05-06 00:00:00
1667,free,CA,2024-01-23 00:00:00
1668,pro,GB,2023-12-31 00:00:00
1669,free,CA,2024-05-05 00:00:00
1670,free,US,2024-04-22 00:00:00
1671,free,US,2024-01-09 00:00:00
1672,free,GB,2024-12-30 00:00:00
1673,free,CA,2024-09-09 00:00:00
1674,free,CA,2024-02-05 00:00:00
1675,free,US,2024-09-21 00:00:00
1676,pro,US,2024-05-08 00:00:00
1677,free,GB,2024-09-11 00:00:00
1678,pro,US,2024-03-23 00:00:00
1679,free,IN,2024-08-20 00:00:00
1680,free,IN,2024-12-23 00:00:00
1681,free,US,2023-12-10 00:00:00
1682,enterprise,CA,2024-11-13 00:00:00
1683,free,BR,2024-10-10 00:00:00
1684,free,DE,2024-11-08 00:00:00
1685,free,IN,2024-12-31 00:00:00
1686,free,US,2024-03-23 00:00:00
1687,free,US,2024-04-19 00:00:00
1688,free,BR,2024-03-03 00:00:00
1689,pro,BR,2024-11-23 00:00:00
1690,pro,CA,2024-03-28 00:00:00
1691,free,IN,2024-06-12 00:00:00
1692,free,BR,2023-12-17 00:00:00
1693,free,GB,2024-04-17 00:00:00
1694,pro,IN,2024-09-17 00:00:00
1695,free,CA,2023-12-22 00:00:00
1696,free,IN,2024-11-06 00:00:00
1697,free,US,2024-03-28 00:00:00
1698,free,CA,2024-11-14 00:00:00
1699,free,GB,2024-11-11 00:00:00
1700,free,DE,2024-07-31 00:00:00
1701,free,DE,2024-10-18 00:00:00
1702,free,BR,2024-07-14 00:00:00
1703,pro,US,2024-11-22 00:00:00
1704,free,US,2024-01-18 00:00:00
1705,free,BR,2024-09-14 00:00:00
1706,free,IN,2024-06-07 00:00:00
1707,pro,BR,2024-02-04 00:00:00
1708,free,CA,2023-12-13 00:00:00
1709,pro,US,2024-12-02 00:00:00
1710,pro,US,2024-01-24 00:00:00
1711,free,IN,2024-12-04 00:00:00
1712,free,DE,2024-05-20 00:00:00
1713,free,GB,2024-08-25 00:00:00
1714,pro,DE,2024-12-18 00:00:00
1715,free,US,2024-10-10 00:00:00
1716,free,CA,2024-02-01 00:00:00
1717,pro,BR,2023-12-13 00:00:00
1718,enterprise,DE,2024-08-14 00:00:00
1719,pro,US,2024-06-04 00:00:00
1720,free,DE,2024-09-05 00:00:00
1721,free,DE,2024-07-17 00:00:00
1722,free,GB,2024-07-10 00:00:00
1723,pro,BR,2024-10-11 00:00:00
1724,free,DE,2024-05-29 00:00:00
1725,free,DE,2024-11-30 00:00:00
1726,free,IN,2024-10-11 00:00:00
1727,free,US,2024-02-04 00:00:00
1728,free,GB,2024-06-07 00:00:00
1729,pro,BR,2024-01-14 00:00:00
1730,pro,CA,2024-11-17 00:00:00
1731,free,GB,2024-08-07 00:00:00
1732,pro,US,2024-01-02 00:00:00
1733,free,CA,2024-11-02 00:00:00
1734,enterprise,GB,2024-02-24 00:00:00
1735,free,CA,2024-10-08 00:00:00
1736,free,CA,2024-08-09 00:00:00
1737,pro,GB,2024-07-11 00:00:00
1738,free,US,2024-11-16 00:00:00
1739,free,GB,2024-02-08 00:00:00
1740,free,CA,2024-02-07 00:00:00
1741,pro,GB,2024-02-01 00:00:00
1742,free,US,2024-01-12 00:00:00
1743,free,US,2024-11-30 00:00:00
1744,pro,BR,2024-12-25 00:00:00
1745,free,US,2024-10-21 00:00:00
1746,free,CA,2024-04-24 00:00:00
1747,free,BR,2024-01-15 00:00:00
1748,pro,IN,2024-10-02 00:00:00
1749,pro,DE,2024-07-30 00:00:00
1750,free,CA,2024-01-14 00:00:00
1751,free,CA,2024-11-14 00:00:00
1752,pro,IN,2024-07-10 00:00:00
1753,free,GB,2024-12-17 00:00:00
1754,free,GB,2024-11-08 00:00:00
1755,pro,DE,2024-01-24 00:00:00
1756,free,BR,2024-12-27 00:00:00
1757,pro,US,2024-11-17 00:00:00
1758,free,CA,2024-01-29 00:00:00
1759,free,CA,2024-08-20 00:00:00
1760,free,GB,2024-04-30 00:00:00
1761,free,US,2024-06-19 00:00:00
1762,free,US,2024-03-16 00:00:00
1763,free,US,2024-11-29 00:00:00
1764,free,DE,2024-10-27 00:00:00
1765,pro,DE,2024-06-29 00:00:00
1766,free,GB,2024-10-23 00:00:00
1767,free,CA,2024-08-26 00:00:00
1768,free,GB,2024-04-09 00:00:00
1769,free,GB,2024-10-09 00:00:00
1770,free,IN,2023-12-07 00:00:00
1771,free,CA,2024-09-24 00:00:00
1772,pro,IN,2024-06-28 00:00:00
1773,free,IN,2024-08-20 00:00:00
1774,pro,US,2024-11-12 00:00:00
1775,free,DE,2024-09-03 00:00:00
1776,free,IN,2024-05-22 00:00:00
1777,free,US,2024-05-11 00:00:00
1778,free,IN,2024-11-15 00:00:00
1779,free,IN,2024-05-01 00:00:00
1780,pro,GB,2024-05-28 00:00:00
1781,free,US,2024-09-26 00:00:00
1782,free,DE,2024-05-19 00:00:00
1783,free,DE,2024-03-23 00:00:00
1784,free,BR,2024-09-10 00:00:00
1785,free,GB,2024-03-19 00:00:00
1786,free,IN,2024-11-06 00:00:00
1787,free,IN,2024-04-08 00:00:00
1788,free,BR,2024-10-06 00:00:00
1789,free,DE,2024-09-15 00:00:00
1790,free,IN,2024-08-19 00:00:00
1791,free,IN,2023-12-24 00:00:00
1792,free,IN,2024-02-13 00:00:00
1793,free,GB,2024-08-11 00:00:00
1794,free,DE,2024-11-28 00:00:00
1795,free,IN,2024-04-30 00:00:00
1796,free,BR,2024-12-27 00:00:00
1797,free,BR,2024-12-20 00:00:00
1798,free,CA,2023-12-19 00:00:00
1799,free,CA,2024-09-04 00:00:00
1800,pro,CA,2024-02-27 00:00:00
1801,free,DE,2024-10-19 00:00:00
1802,free,DE,2023-12-19 00:00:00
1803,free,DE,2024-01-31 00:00:00
1804,pro,GB,2024-01-09 00:00:00
1805,free,BR,2024-05-12 00:00:00
1806,pro,US,2024-05-16 00:00:00
1807,free,US,2024-08-08 00:00:00
1808,free,GB,2024-09-25 00:00:00
1809,free,DE,2024-03-09 00:00:00
1810,free,US,2024-06-10 00:00:00
1811,free,GB,2024-12-26 00:00:00
1812,free,IN,2024-09-04 00:00:00
1813,free,DE,2024-04-15 00:00:00
1814,pro,CA,2024-04-25 00:00:00
1815,free,GB,2024-02-18 00:00:00
1816,pro,GB,2024-05-06 00:00:00
1817,free,IN,2024-08-16 00:00:00
1818,free,DE,2024-12-16 00:00:00
1819,free,DE,2024-06-04 00:00:00
1820,free,US,2024-03-16 00:00:00
1821,free,GB,2024-09-01 00:00:00
1822,pro,US,2024-10-14 00:00:00
1823,free,DE,2024-02-26 00:00:00
1824,free,BR,2024-03-27 00:00:00
1825,pro,GB,2024-08-21 00:00:00
1826,free,US,2024-08-14 00:00:00
1827,enterprise,GB,2024-10-23 00:00:00
1828,enterprise,GB,2024-03-10 00:00:00
1829,free,US,2024-10-08 00:00:00
1830,free,GB,2024-11-21 00:00:00
1831,free,IN,2024-06-06 00:00:00
1832,free,BR,2024-01-29 00:00:00
1833,free,GB,2023-12-17 00:00:00
1834,free,CA,2024-06-07 00:00:00
1835,free,IN,2024-11-09 00:00:00
1836,enterprise,DE,2024-11-26 00:00:00
1837,free,GB,2024-10-23 00:00:00
1838,free,BR,2024-06-23 00:00:00
1839,pro,CA,2024-02-02 00:00:00
1840,pro,BR,2024-11-03 00:00:00
1841,free,IN,2024-01-31 00:00:00
1842,free,CA,2024-06-26 00:00:00
1843,pro,BR,2024-09-25 00:00:00
1844,free,BR,2024-08-25 00:00:00
1845,free,GB,2024-01-13 00:00:00
1846,enterprise,CA,2024-09-02 00:00:00
1847,free,BR,2024-08-23 00:00:00
1848,free,US,2024-01-09 00:00:00
1849,pro,BR,2024-01-18 00:00:00
1850,free,CA,2024-07-18 00:00:00
1851,pro,US,2024-05-19 00:00:00
1852,free,CA,2023-12-09 00:00:00
1853,pro,CA,2024-10-01 00:00:00
1854,free,DE,2024-09-04 00:00:00
1855,enterprise,US,2024-09-17 00:00:00
1856,free,IN,2024-10-25 00:00:00
1857,pro,GB,2024-06-26 00:00:00
1858,pro,DE,2024-06-21 00:00:00
1859,free,DE,2024-10-28 00:00:00
1860,enterprise,CA,2024-09-13 00:00:00
1861,pro,US,2024-12-14 00:00:00
1862,free,IN,2024-02-21 00:00:00
1863,free,US,2024-05-06 00:00:00
1864,free,DE,2024-03-12 00:00:00
1865,free,DE,2024-01-07 00:00:00
1866,pro,DE,2024-10-04 00:00:00
1867,pro,CA,2024-12-23 00:00:00
1868,free,GB,2024-06-14 00:00:00
1869,free,CA,2023-12-06 00:00:00
1870,free,BR,2024-02-08 00:00:00
1871,free,GB,2024-01-07 00:00:00
1872,free,GB,2024-06-26 00:00:00
1873,pro,DE,2024-02-04 00:00:00
1874,free,US,2024-02-29 00:00:00
1875,free,CA,2023-12-06 00:00:00
1876,free,GB,2024-12-25 00:00:00
1877,free,IN,2023-12-27 00:00:00
1878,free,US,2024-11-27 00:00:00
1879,pro,GB,2024-11-19 00:00:00
1880,free,US,2024-10-05 00:00:00
1881,free,DE,2024-01-03 00:00:00
1882,pro,GB,2024-12-23 00:00:00
1883,free,US,2024-11-17 00:00:00
1884,enterprise,GB,2024-05-06 00:00:00
1885,free,BR,2024-07-07 00:00:00
1886,free,IN,2023-12-16 00:00:00
1887,free,DE,2024-07-15 00:00:00
1888,free,US,2024-08-19 00:00:00
1889,free,US,2024-11-30 00:00:00
1890,free,CA,2024-08-20 00:00:00
1891,free,CA,2024-07-17 00:00:00
1892,free,IN,2024-10-21 00:00:00
1893,free,BR,2024-12-06 00:00:00
1894,pro,CA,2024-05-30 00:00:00
1895,free,CA,2024-12-24 00:00:00
1896,free,US,2024-05-05 00:00:00
1897,free,BR,2024-10-16 00:00:00
1898,free,CA,2024-05-15 00:00:00
1899,pro,GB,2024-02-18 00:00:00
1900,free,CA,2024-05-05 00:00:00
1901,free,GB,2024-12-26 00:00:00
1902,free,BR,2024-09-13 00:00:00
1903,free,CA,2024-05-12 00:00:00
1904,free,DE,2024-04-20 00:00:00
1905,free,BR,2024-07-16 00:00:00
1906,pro,US,2024-09-06 00:00:00
1907,pro,GB,2024-04-14 00:00:00
1908,free,CA,2023-12-31 00:00:00
1909,free,BR,2024-09-25 00:00:00
1910,pro,GB,2024-07-26 00:00:00
1911,enterprise,DE,2024-10-26 00:00:00
1912,free,GB,2024-05-09 00:00:00
1913,pro,CA,2024-01-01 00:00:00
1914,free,CA,2024-07-27 00:00:00
1915,free,BR,2023-12-29 00:00:00
1916,free,BR,2024-07-24 00:00:00
1917,free,US,2024-07-19 00:00:00
1918,free,GB,2024-10-04 00:00:00
1919,pro,GB,2024-05-10 00:00:00
1920,free,DE,2024-11-01 00:00:00
1921,pro,CA,2024-04-10 00:00:00
1922,pro,CA,2024-01-01 00:00:00
1923,free,DE,2023-12-01 00:00:00
1924,free,CA,2024-11-27 00:00:00
1925,free,IN,2024-04-29 00:00:00
1926,free,CA,2024-04-14 00:00:00
1927,free,DE,2024-05-02 00:00:00
1928,pro,IN,2023-12-04 00:00:00
1929,pro,BR,2024-05-18 00:00:00
1930,pro,CA,2024-07-24 00:00:00
1931,free,US,2023-12-05 00:00:00
1932,free,CA,2024-08-12 00:00:00
1933,free,BR,2024-10-27 00:00:00
1934,free,CA,2024-02-19 00:00:00
1935,free,CA,2024-11-27 00:00:00
1936,pro,CA,2023-12-04 00:00:00
1937,free,BR,2024-11-19 00:00:00
1938,free,CA,2024-11-14 00:00:00
1939,pro,CA,2024-12-06 00:00:00
1940,free,CA,2024-10-24 00:00:00
1941,free,CA,2024-11-26 00:00:00
1942,free,BR,2024-02-27 00:00:00
1943,pro,GB,2024-09-01 00:00:00
1944,free,IN,2024-01-05 00:00:00
1945,free,US,2024-08-30 00:00:00
1946,free,BR,2024-11-03 00:00:00
1947,free,CA,2023-12-30 00:00:00
1948,pro,IN,2024-09-08 00:00:00
1949,enterprise,BR,2024-08-07 00:00:00
1950,pro,IN,2024-01-01 00:00:00
1951,free,GB,2023-12-15 00:00:00
1952,free,IN,2024-11-08 00:00:00
1953,pro,BR,2024-07-12 00:00:00
1954,pro,US,2024-08-24 00:00:00
1955,free,CA,2024-10-17 00:00:00
1956,enterprise,BR,2024-07-21 00:00:00
1957,free,CA,2023-12-17 00:00:00
1958,pro,CA,2024-09-27 00:00:00
1959,free,US,2025-01-01 00:00:00
1960,pro,BR,2024-07-09 00:00:00
1961,free,DE,2024-02-26 00:00:00
1962,free,US,2024-07-18 00:00:00
1963,free,DE,2024-08-18 00:00:00
1964,pro,DE,2024-06-24 00:00:00
1965,free,IN,2024-06-22 00:00:00
1966,free,GB,2024-12-26 00:00:00
1967,pro,IN,2023-12-11 00:00:00
1968,free,BR,2023-12-12 00:00:00
1969,pro,CA,2024-12-06 00:00:00
1970,enterprise,CA,2024-10-06 00:00:00
1971,pro,DE,2024-08-25 00:00:00
1972,free,DE,2024-06-21 00:00:00
1973,free,DE,2024-10-25 00:00:00
1974,free,CA,2024-07-13 00:00:00
1975,free,US,2024-07-09 00:00:00
1976,pro,GB,2024-07-22 00:00:00
1977,pro,GB,2023-12-17 00:00:00
1978,pro,BR,2024-02-02 00:00:00
1979,pro,BR,2024-05-13 00:00:00
1980,pro,IN,2023-11-28 00:00:00
1981,free,CA,2024-09-14 00:00:00
1982,pro,DE,2024-08-27 00:00:00
1983,free,US,2024-07-18 00:00:00
1984,pro,US,2024-09-07 00:00:00
1985,free,BR,2024-11-28 00:00:00
1986,free,US,2024-09-22 00:00:00
1987,pro,CA,2024-06-10 00:00:00
1988,free,IN,2024-06-22 00:00:00
1989,free,CA,2024-03-12 00:00:00
1990,free,DE,2023-12-23 00:00:00
1991,pro,CA,2024-07-05 00:00:00
1992,free,US,2024-02-29 00:00:00
1993,free,BR,2024-11-27 00:00:00
1994,free,IN,2024-12-26 00:00:00
1995,pro,CA,2024-09-07 00:00:00
1996,free,DE,2024-03-30 00:00:00
1997,free,CA,2024-01-11 00:00:00
1998,pro,CA,2024-03-16 00:00:00
1999,free,BR,2024-03-16 00:00:00
2000,free,CA,2024-10-26 00:00:00
2001,free,US,2024-09-29 00:00:00
2002,free,BR,2023-12-17 00:00:00
2003,free,GB,2023-12-17 00:00:00
2004,free,US,2024-09-11 00:00:00
2005,free,CA,2024-05-25 00:00:00
2006,free,CA,2024-01-04 00:00:00
2007,free,IN,2024-09-20 00:00:00
2008,free,DE,2024-04-13 00:00:00
2009,pro,GB,2024-04-25 00:00:00
2010,free,BR,2024-12-27 00:00:00
2011,free,GB,2024-02-27 00:00:00
2012,enterprise,BR,2024-10-09 00:00:00
2013,free,CA,2024-03-25 00:00:00
2014,pro,US,2024-03-16 00:00:00
2015,free,US,2024-09-17 00:00:00
2016,free,BR,2024-01-02 00:00:00
2017,pro,GB,2024-04-15 00:00:00
2018,free,GB,2024-03-21 00:00:00
2019,free,GB,2024-02-13 00:00:00
2020,free,US,2024-05-29 00:00:00
2021,free,CA,2024-08-22 00:00:00
2022,free,GB,2024-05-31 00:00:00
2023,free,CA,2024-05-07 00:00:00
2024,free,US,2024-07-11 00:00:00
2025,pro,GB,2023-12-15 00:00:00
2026,pro,BR,2024-08-24 00:00:00
2027,free,GB,2024-09-05 00:00:00
2028,free,GB,2024-03-08 00:00:00
2029,pro,US,2023-12-15 00:00:00
2030,free,BR,2024-01-04 00:00:00
2031,free,IN,2024-04-15 00:00:00
2032,free,US,2024-05-20 00:00:00
2033,pro,US,2024-03-21 00:00:00
2034,free,GB,2024-07-22 00:00:00
2035,free,CA,2024-09-13 00:00:00
2036,enterprise,DE,2024-06-06 00:00:00
2037,pro,GB,2024-09-22 00:00:00
2038,free,IN,2024-07-03 00:00:00
2039,free,DE,2024-07-27 00:00:00
2040,free,GB,2024-05-18 00:00:00
2041,free,GB,2024-03-06 00:00:00
2042,free,BR,2024-08-03 00:00:00
2043,free,IN,2024-05-21 00:00:00
2044,pro,BR,2024-04-28 00:00:00
2045,free,DE,2024-05-05 00:00:00
2046,free,IN,2024-03-04 00:00:00
2047,free,BR,2024-10-07 00:00:00
2048,free,DE,2024-01-08 00:00:00
2049,free,US,2024-06-09 00:00:00
2050,free,CA,2024-05-29 00:00:00
2051,free,CA,2024-01-14 00:00:00
2052,pro,CA,2024-10-16 00:00:00
2053,free,BR,2024-03-27 00:00:00
2054,free,CA,2024-05-02 00:00:00
2055,free,CA,2024-01-03 00:00:00
2056,pro,IN,2024-05-25 00:00:00
2057,free,GB,2024-03-24 00:00:00
2058,free,CA,2023-12-22 00:00:00
2059,free,CA,2024-10-19 00:00:00
2060,free,CA,2024-06-11 00:00:00
2061,pro,BR,2024-03-15 00:00:00
2062,free,DE,2024-10-13 00:00:00
2063,free,IN,2024-02-03 00:00:00
2064,free,US,2024-10-24 00:00:00
2065,pro,US,2024-02-21 00:00:00
2066,free,IN,2024-05-21 00:00:00
2067,free,DE,2024-04-10 00:00:00
2068,pro,DE,2024-03-26 00:00:00
2069,free,DE,2024-02-09 00:00:00
2070,pro,US,2024-07-15 00:00:00
2071,free,BR,2024-02-25 00:00:00
2072,free,DE,2024-12-24 00:00:00
2073,free,IN,2024-11-28 00:00:00
2074,free,CA,2024-04-01 00:00:00
2075,free,DE,2024-08-07 00:00:00
2076,pro,GB,2024-01-14 00:00:00
2077,free,US,2024-09-25 00:00:00
2078,free,CA,2024-10-22 00:00:00
2079,free,GB,2024-09-11 00:00:00
2080,free,DE,2024-10-31 00:00:00
2081,pro,CA,2024-11-08 00:00:00
2082,pro,BR,2024-03-25 00:00:00
2083,pro,US,2023-12-03 00:00:00
2084,pro,IN,2024-09-25 00:00:00
2085,free,IN,2023-12-25 00:00:00
2086,free,US,2024-02-14 00:00:00
2087,pro,GB,2024-03-02 00:00:00
2088,free,DE,2024-12-13 00:00:00
2089,free,GB,2024-10-30 00:00:00
2090,free,DE,2024-01-05 00:00:00
2091,free,GB,2024-11-05 00:00:00
2092,free,US,2024-10-01 00:00:00
2093,free,DE,2024-01-23 00:00:00
2094,pro,GB,2024-07-01 00:00:00
2095,free,IN,2024-07-19 00:00:00
2096,free,DE,2024-05-18 00:00:00
2097,free,US,2024-01-23 00:00:00
2098,pro,GB,2024-10-09 00:00:00
2099,free,GB,2024-07-06 00:00:00
2100,free,CA,2024-12-02 00:00:00
2101,free,BR,2024-01-19 00:00:00
2102,pro,IN,2024-03-27 00:00:00
2103,pro,BR,2024-12-25 00:00:00
2104,free,US,2024-02-29 00:00:00
2105,free,CA,2024-06-13 00:00:00
2106,free,GB,2024-12-08 00:00:00
2107,pro,BR,2024-04-12 00:00:00
2108,free,GB,2024-01-15 00:00:00
2109,free,CA,2024-02-06 00:00:00
2110,free,CA,2024-04-13 00:00:00
2111,pro,DE,2024-06-03 00:00:00
2112,pro,GB,2024-03-16 00:00:00
2113,free,CA,2024-06-06 00:00:00
2114,free,IN,2024-03-11 00:00:00
2115,pro,BR,2024-10-11 00:00:00
2116,free,IN,2024-09-26 00:00:00
2117,free,GB,2024-01-27 00:00:00
2118,pro,US,2024-03-11 00:00:00
2119,free,DE,2024-02-08 00:00:00
2120,pro,DE,2024-02-24 00:00:00
2121,free,BR,2024-03-28 00:00:00
2122,free,DE,2024-11-20 00:00:00
2123,free,US,2024-10-17 00:00:00
2124,free,US,2024-03-14 00:00:00
2125,free,DE,2024-03-07 00:00:00
2126,free,CA,2024-12-30 00:00:00
2127,free,GB,2024-11-10 00:00:00
2128,free,US,2024-02-26 00:00:00
2129,pro,IN,2023-12-27 00:00:00
2130,pro,US,2023-12-25 00:00:00
2131,free,DE,2024-11-13 00:00:00
2132,free,CA,2024-08-01 00:00:00
2133,free,CA,2024-08-22 00:00:00
2134,free,DE,2024-09-18 00:00:00
2135,pro,BR,2024-04-07 00:00:00
2136,free,BR,2024-01-13 00:00:00
2137,pro,DE,2024-05-13 00:00:00
2138,free,DE,2024-06-10 00:00:00
2139,free,CA,2024-05-04 00:00:00
2140,enterprise,US,2023-12-15 00:00:00
2141,pro,CA,2024-08-03 00:00:00
2142,free,BR,2023-12-21 00:00:00
2143,pro,GB,2024-07-05 00:00:00
2144,free,IN,2024-08-27 00:00:00
2145,free,BR,2024-12-15 00:00:00
2146,free,US,2024-11-18 00:00:00
2147,free,US,2024-09-13 00:00:00
2148,free,IN,2023-12-31 00:00:00
2149,free,DE,2024-07-10 00:00:00
2150,pro,BR,2024-09-29 00:00:00
2151,enterprise,CA,2023-12-10 00:00:00
2152,free,GB,2024-04-20 00:00:00
2153,free,GB,2024-10-10 00:00:00
2154,pro,GB,2024-05-04 00:00:00
2155,pro,GB,2024-08-26 00:00:00
2156,free,US,2024-09-10 00:00:00
2157,free,BR,2024-07-31 00:00:00
2158,enterprise,US,2024-02-14 00:00:00
2159,free,BR,2024-05-19 00:00:00
2160,free,IN,2024-05-06 00:00:00
2161,pro,CA,2024-12-02 00:00:00
2162,pro,GB,2024-02-02 00:00:00
2163,free,BR,2024-09-23 00:00:00
2164,pro,GB,2024-04-10 00:00:00
2165,free,BR,2024-07-23 00:00:00
2166,free,GB,2024-10-23 00:00:00
2167,pro,IN,2024-04-24 00:00:00
2168,pro,BR,2024-06-27 00:00:00
2169,free,IN,2023-12-08 00:00:00
2170,enterprise,DE,2024-10-10 00:00:00
2171,free,US,2024-06-27 00:00:00
2172,free,US,2024-10-22 00:00:00
2173,free,DE,2024-07-16 00:00:00
2174,free,BR,2024-10-02 00:00:00
2175,free,US,2024-07-23 00:00:00
2176,free,US,2024-08-09 00:00:00
2177,free,DE,2024-03-19 00:00:00
2178,pro,CA,2024-01-11 00:00:00
2179,free,CA,2024-09-22 00:00:00
2180,free,CA,2024-01-25 00:00:00
2181,free,GB,2024-02-27 00:00:00
2182,free,DE,2024-01-04 00:00:00
2183,free,BR,2024-11-30 00:00:00
2184,free,GB,2024-03-24 00:00:00
2185,free,BR,2024-04-17 00:00:00
2186,free,GB,2024-01-25 00:00:00
2187,free,DE,2024-11-11 00:00:00
2188,enterprise,CA,2024-03-10 00:00:00
2189,pro,US,2024-08-18 00:00:00
2190,free,IN,2024-11-18 00:00:00
2191,enterprise,DE,2024-03-16 00:00:00
2192,free,BR,2024-06-03 00:00:00
2193,free,CA,2024-03-06 00:00:00
2194,free,GB,2024-12-26 00:00:00
2195,free,GB,2024-09-09 00:00:00
2196,free,US,2024-08-18 00:00:00
2197,free,CA,2024-04-13 00:00:00
2198,enterprise,CA,2024-06-19 00:00:00
2199,free,CA,2024-12-19 00:00:00
2200,free,CA,2024-05-29 00:00:00
2201,free,CA,2024-08-16 00:00:00
2202,free,IN,2024-06-29 00:00:00
2203,pro,US,2024-12-19 00:00:00
2204,enterprise,IN,2024-02-17 00:00:00
2205,free,IN,2024-10-11 00:00:00
2206,free,DE,2024-03-25 00:00:00
2207,free,DE,2024-08-24 00:00:00
2208,free,GB,2024-10-13 00:00:00
2209,free,US,2024-03-06 00:00:00
2210,pro,US,2024-10-12 00:00:00
2211,free,BR,2024-03-13 00:00:00
2212,free,IN,2024-06-04 00:00:00
2213,free,US,2023-12-26 00:00:00
2214,free,IN,2024-10-22 00:00:00
2215,free,US,2024-08-31 00:00:00
2216,pro,DE,2024-08-31 00:00:00
2217,pro,IN,2024-03-06 00:00:00
2218,free,DE,2024-05-03 00:00:00
2219,pro,GB,2024-01-24 00:00:00
2220,enterprise,US,2024-05-15 00:00:00
2221,enterprise,GB,2024-12-13 00:00:00
2222,free,GB,2024-09-22 00:00:00
2223,free,US,2023-12-02 00:00:00
2224,free,US,2024-07-12 00:00:00
2225,free,IN,2023-12-12 00:00:00
2226,free,BR,2023-11-30 00:00:00
2227,pro,GB,2024-01-16 00:00:00
2228,free,DE,2024-05-25 00:00:00
2229,free,US,2024-01-06 00:00:00
2230,free,GB,2024-03-07 00:00:00
2231,free,US,2023-12-22 00:00:00
2232,free,GB,2024-02-16 00:00:00
2233,pro,DE,2024-04-17 00:00:00
2234,free,US,2024-11-10 00:00:00
2235,free,CA,2024-01-01 00:00:00
2236,free,IN,2024-10-07 00:00:00
2237,free,GB,2024-05-25 00:00:00
2238,free,IN,2024-11-16 00:00:00
2239,free,IN,2024-12-31 00:00:00
2240,pro,CA,2024-06-12 00:00:00
2241,free,IN,2024-11-18 00:00:00
2242,free,DE,2024-06-29 00:00:00
2243,free,DE,2024-01-29 00:00:00
2244,free,GB,2024-12-13 00:00:00
2245,free,CA,2024-05-26 00:00:00
2246,free,US,2024-11-26 00:00:00
2247,free,GB,2024-08-20 00:00:00
2248,pro,US,2024-06-20 00:00:00
2249,free,IN,2024-08-25 00:00:00
2250,free,CA,2024-04-23 00:00:00
2251,free,IN,2024-08-05 00:00:00
2252,free,BR,2024-05-04 00:00:00
2253,free,US,2024-04-29 00:00:00
2254,free,CA,2024-01-16 00:00:00
2255,free,GB,2024-03-11 00:00:00
2256,enterprise,CA,2024-12-09 00:00:00
2257,pro,US,2024-11-05 00:00:00
2258,pro,GB,2024-12-05 00:00:00
2259,free,CA,2024-08-17 00:00:00
2260,free,CA,2024-06-28 00:00:00
2261,free,DE,2024-10-11 00:00:00
2262,enterprise,IN,2024-10-02 00:00:00
2263,free,US,2024-03-29 00:00:00
2264,pro,GB,2024-02-10 00:00:00
2265,pro,CA,2024-08-21 00:00:00
2266,pro,US,2024-06-21 00:00:00
2267,free,GB,2024-12-31 00:00:00
2268,free,DE,2024-11-19 00:00:00
2269,pro,BR,2024-07-23 00:00:00
2270,pro,CA,2024-03-21 00:00:00
2271,pro,BR,2024-05-20 00:00:00
2272,enterprise,CA,2024-03-18 00:00:00
2273,free,DE,2024-04-11 00:00:00
2274,free,CA,2024-07-13 00:00:00
2275,free,DE,2024-04-15 00:00:00
2276,free,GB,2024-02-19 00:00:00
2277,free,BR,2024-10-28 00:00:00
2278,free,IN,2024-05-26 00:00:00
2279,free,GB,2024-12-10 00:00:00
2280,free,DE,2024-11-02 00:00:00
2281,pro,CA,2024-05-18 00:00:00
2282,pro,BR,2024-05-03 00:00:00
2283,free,BR,2024-03-30 00:00:00
2284,free,DE,2024-08-04 00:00:00
2285,free,CA,2024-12-16 00:00:00
2286,pro,IN,2024-07-21 00:00:00
2287,pro,GB,2023-12-25 00:00:00
2288,free,DE,2024-01-04 00:00:00
2289,free,DE,2024-11-18 00:00:00
2290,pro,CA,2024-02-02 00:00:00
2291,free,GB,2024-05-25 00:00:00
2292,free,CA,2024-08-24 00:00:00
2293,free,CA,2024-12-24 00:00:00
2294,free,US,2024-07-11 00:00:00
2295,free,US,2024-05-23 00:00:00
2296,enterprise,BR,2024-01-24 00:00:00
2297,pro,DE,2024-09-06 00:00:00
2298,free,IN,2024-11-07 00:00:00
2299,pro,CA,2023-12-21 00:00:00
2300,free,US,2024-06-26 00:00:00
2301,free,IN,2024-12-10 00:00:00
2302,pro,DE,2024-05-31 00:00:00
2303,pro,IN,2024-08-07 00:00:00
2304,free,DE,2024-10-15 00:00:00
2305,enterprise,GB,2024-01-03 00:00:00
2306,free,DE,2024-12-01 00:00:00
2307,pro,GB,2024-07-16 00:00:00
2308,free,GB,2024-12-05 00:00:00
2309,free,GB,2024-10-16 00:00:00
2310,pro,DE,2024-04-16 00:00:00
2311,free,DE,2024-05-21 00:00:00
2312,free,BR,2024-08-24 00:00:00
2313,enterprise,IN,2024-06-16 00:00:00
2314,free,US,2023-12-22 00:00:00
2315,free,DE,2024-07-15 00:00:00
2316,free,US,2024-02-17 00:00:00
2317,pro,GB,2024-12-22 00:00:00
2318,free,BR,2024-02-24 00:00:00
2319,free,US,2024-09-21 00:00:00
2320,pro,GB,2024-09-04 00:00:00
2321,free,BR,2024-07-21 00:00:00
2322,free,BR,2024-07-19 00:00:00
2323,free,BR,2024-11-16 00:00:00
2324,free,US,2024-09-02 00:00:00
2325,free,DE,2024-06-02 00:00:00
2326,pro,US,2024-09-07 00:00:00
2327,free,IN,2024-08-31 00:00:00
2328,free,IN,2024-08-30 00:00:00
2329,free,GB,2024-06-22 00:00:00
2330,free,BR,2024-03-26 00:00:00
2331,pro,DE,2024-05-06 00:00:00
2332,pro,IN,2024-05-07 00:00:00
2333,enterprise,US,2024-01-28 00:00:00
2334,free,GB,2024-03-01 00:00:00
2335,free,BR,2024-05-06 00:00:00
2336,free,IN,2024-10-12 00:00:00
2337,pro,US,2024-08-21 00:00:00
2338,pro,CA,2024-05-21 00:00:00
2339,pro,US,2024-07-26 00:00:00
2340,free,GB,2024-01-13 00:00:00
2341,free,US,2024-11-16 00:00:00
2342,free,US,2024-05-25 00:00:00
2343,free,IN,2024-08-06 00:00:00
2344,pro,DE,2024-04-12 00:00:00
2345,free,CA,2024-10-07 00:00:00
2346,free,BR,2024-04-24 00:00:00
2347,free,DE,2024-03-30 00:00:00
2348,free,IN,2024-07-02 00:00:00
2349,pro,BR,2024-02-22 00:00:00
2350,free,DE,2024-08-09 00:00:00
2351,pro,BR,2024-01-01 00:00:00
2352,free,US,2024-06-28 00:00:00
2353,free,BR,2024-02-08 00:00:00
2354,free,DE,2024-01-22 00:00:00
2355,pro,DE,2024-10-11 00:00:00
2356,free,DE,2024-09-10 00:00:00
2357,free,GB,2024-01-28 00:00:00
2358,free,BR,2024-05-18 00:00:00
2359,free,DE,2024-09-04 00:00:00
2360,free,CA,2024-05-12 00:00:00
2361,free,DE,2023-12-23 00:00:00
2362,free,IN,2024-09-11 00:00:00
2363,pro,DE,2024-01-18 00:00:00
2364,free,US,2024-04-22 00:00:00
2365,free,GB,2024-03-30 00:00:00
2366,free,CA,2024-10-04 00:00:00
2367,free,DE,2024-02-06 00:00:00
2368,free,CA,2024-02-23 00:00:00
2369,pro,CA,2024-04-16 00:00:00
2370,pro,DE,2024-03-26 00:00:00
2371,free,CA,2024-04-29 00:00:00
2372,pro,US,2024-10-25 00:00:00
2373,free,DE,2024-01-20 00:00:00
2374,free,BR,2023-11-29 00:00:00
2375,pro,GB,2024-01-24 00:00:00
2376,free,DE,2024-03-17 00:00:00
2377,free,DE,2024-04-24 00:00:00
2378,free,GB,2024-12-02 00:00:00
2379,free,US,2024-11-21 00:00:00
2380,free,US,2024-03-04 00:00:00
2381,pro,BR,2023-12-26 00:00:00
2382,free,US,2024-10-03 00:00:00
2383,pro,BR,2024-12-21 00:00:00
2384,free,GB,2024-05-21 00:00:00
2385,free,CA,2024-05-14 00:00:00
2386,free,GB,2024-09-20 00:00:00
2387,free,CA,2024-07-12 00:00:00
2388,free,GB,2024-07-13 00:00:00
2389,free,US,2024-12-21 00:00:00
2390,free,US,2024-12-07 00:00:00
2391,free,DE,2024-01-24 00:00:00
2392,free,CA,2024-11-18 00:00:00
2393,pro,IN,2024-02-28 00:00:00
2394,pro,DE,2024-03-24 00:00:00
2395,pro,US,2023-12-24 00:00:00
2396,free,DE,2024-11-16 00:00:00
2397,pro,CA,2024-03-25 00:00:00
2398,free,BR,2024-10-20 00:00:00
2399,free,BR,2024-05-09 00:00:00
2400,free,IN,2024-09-23 00:00:00
2401,pro,GB,2024-08-11 00:00:00
2402,free,BR,2024-08-28 00:00:00
2403,free,DE,2024-06-13 00:00:00
2404,free,US,2024-09-12 00:00:00
2405,free,DE,2024-05-10 00:00:00
2406,free,BR,2024-04-28 00:00:00
2407,free,CA,2024-01-05 00:00:00
2408,free,GB,2024-10-12 00:00:00
2409,free,CA,2024-01-31 00:00:00
2410,pro,GB,2024-04-08 00:00:00
2411,pro,IN,2024-09-29 00:00:00
2412,free,BR,2024-09-16 00:00:00
2413,pro,GB,2024-02-02 00:00:00
2414,pro,DE,2024-03-15 00:00:00
2415,pro,US,2024-08-19 00:00:00
2416,free,CA,2024-10-31 00:00:00
2417,free,IN,2024-03-04 00:00:00
2418,free,GB,2024-07-24 00:00:00
2419,free,US,2024-07-31 00:00:00
2420,free,GB,2024-03-25 00:00:00
2421,free,BR,2024-02-16 00:00:00
2422,pro,CA,2023-12-01 00:00:00
2423,free,CA,2024-11-14 00:00:00
2424,pro,CA,2024-05-24 00:00:00
2425,pro,IN,2024-01-23 00:00:00
2426,pro,IN,2024-09-27 00:00:00
2427,pro,GB,2024-06-05 00:00:00
2428,free,GB,2024-07-23 00:00:00
2429,free,IN,2024-06-17 00:00:00
2430,free,US,2024-09-30 00:00:00
2431,pro,GB,2024-10-11 00:00:00
2432,free,BR,2024-09-25 00:00:00
2433,free,BR,2024-04-28 00:00:00
2434,pro,US,2024-09-21 00:00:00
2435,free,CA,2024-03-16 00:00:00
2436,free,IN,2024-09-12 00:00:00
2437,pro,DE,2024-02-14 00:00:00
2438,pro,GB,2024-03-14 00:00:00
2439,free,DE,2024-06-25 00:00:00
2440,free,US,2024-02-07 00:00:00
2441,free,DE,2024-10-15 00:00:00
2442,free,CA,2024-11-11 00:00:00
2443,free,BR,2024-12-07 00:00:00
2444,free,GB,2024-11-19 00:00:00
2445,free,US,2024-08-20 00:00:00
2446,free,DE,2025-01-01 00:00:00
2447,free,IN,2024-09-09 00:00:00
2448,free,CA,2024-06-04 00:00:00
2449,free,GB,2024-12-28 00:00:00
2450,free,CA,2024-11-07 00:00:00
2451,free,IN,2023-11-29 00:00:00
2452,free,GB,2024-09-16 00:00:00
2453,free,DE,2023-12-11 00:00:00
2454,free,CA,2024-04-03 00:00:00
2455,free,DE,2024-06-02 00:00:00
2456,free,BR,2023-12-15 00:00:00
2457,free,IN,2024-03-08 00:00:00
2458,pro,IN,2024-08-14 00:00:00
2459,free,IN,2024-06-07 00:00:00
2460,free,US,2024-03-21 00:00:00
2461,free,BR,2024-08-29 00:00:00
2462,enterprise,BR,2024-11-02 00:00:00
2463,free,DE,2024-05-26 00:00:00
2464,enterprise,US,2024-08-22 00:00:00
2465,free,CA,2024-10-13 00:00:00
2466,pro,IN,2024-10-26 00:00:00
2467,pro,IN,2024-01-03 00:00:00
2468,free,GB,2024-10-20 00:00:00
2469,free,CA,2024-12-31 00:00:00
2470,free,US,2024-06-20 00:00:00
2471,free,DE,2024-04-10 00:00:00
2472,free,DE,2024-11-28 00:00:00
2473,free,CA,2024-11-22 00:00:00
2474,free,DE,2024-07-29 00:00:00
2475,pro,CA,2024-10-10 00:00:00
2476,free,CA,2024-02-08 00:00:00
2477,free,DE,2024-12-20 00:00:00
2478,pro,DE,2024-01-07 00:00:00
2479,free,IN,2024-02-11 00:00:00
2480,free,IN,2024-10-31 00:00:00
2481,free,IN,2024-08-01 00:00:00
2482,free,IN,2024-06-19 00:00:00
2483,free,GB,2024-06-21 00:00:00
2484,enterprise,DE,2024-05-01 00:00:00
2485,free,IN,2024-06-14 00:00:00
2486,free,BR,2024-08-12 00:00:00
2487,pro,BR,2024-12-11 00:00:00
2488,free,DE,2024-09-20 00:00:00
2489,free,IN,2023-12-08 00:00:00
2490,free,DE,2024-10-15 00:00:00
2491,free,GB,2024-05-29 00:00:00
2492,free,DE,2024-09-02 00:00:00
2493,free,US,2024-06-02 00:00:00
2494,free,BR,2024-05-19 00:00:00
2495,free,DE,2024-03-07 00:00:00
2496,free,US,2024-11-10 00:00:00
2497,pro,US,2024-06-08 00:00:00
2498,free,CA,2024-12-23 00:00:00
2499,pro,DE,2024-10-29 00:00:00
2500,pro,US,2024-12-24 00:00:00
2501,free,BR,2024-09-10 00:00:00
2502,free,US,2024-03-24 00:00:00
2503,free,BR,2024-11-26 00:00:00
2504,free,IN,2024-05-21 00:00:00
2505,free,GB,2024-07-25 00:00:00
2506,pro,US,2024-03-19 00:00:00
2507,pro,US,2024-03-29 00:00:00
2508,pro,IN,2024-07-29 00:00:00
2509,free,US,2024-11-11 00:00:00
2510,free,BR,2024-01-12 00:00:00
2511,free,CA,2024-08-12 00:00:00
2512,free,DE,2024-09-28 00:00:00
2513,free,US,2024-08-10 00:00:00
2514,free,DE,2024-08-01 00:00:00
2515,free,CA,2024-02-08 00:00:00
2516,free,US,2024-04-12 00:00:00
2517,free,GB,2024-06-27 00:00:00
2518,free,BR,2024-04-19 00:00:00
2519,free,DE,2024-06-24 00:00:00
2520,free,BR,2024-08-14 00:00:00
2521,free,BR,2024-08-31 00:00:00
2522,enterprise,IN,2024-08-23 00:00:00
2523,pro,BR,2024-09-19 00:00:00
2524,free,BR,2024-02-05 00:00:00
2525,free,BR,2024-12-25 00:00:00
2526,free,CA,2024-10-04 00:00:00
2527,free,CA,2024-02-21 00:00:00
2528,pro,IN,2024-05-10 00:00:00
2529,free,CA,2024-11-13 00:00:00
2530,free,US,2024-09-29 00:00:00
2531,free,CA,2024-04-06 00:00:00
2532,free,US,2024-09-26 00:00:00
2533,enterprise,IN,2024-06-15 00:00:00
2534,free,GB,2024-06-24 00:00:00
2535,free,BR,2023-12-19 00:00:00
2536,enterprise,DE,2024-06-09 00:00:00
2537,free,IN,2024-04-13 00:00:00
2538,free,IN,2024-10-21 00:00:00
2539,enterprise,DE,2024-03-23 00:00:00
2540,free,US,2024-08-31 00:00:00
2541,free,US,2024-01-01 00:00:00
2542,free,GB,2024-07-01 00:00:00
2543,pro,DE,2024-05-11 00:00:00
2544,free,DE,2024-02-29 00:00:00
2545,free,GB,2024-03-28 00:00:00
2546,free,GB,2024-11-17 00:00:00
2547,free,BR,2024-04-05 00:00:00
2548,free,DE,2024-11-10 00:00:00
2549,free,GB,2023-12-31 00:00:00
2550,free,DE,2024-08-07 00:00:00
2551,free,DE,2024-09-18 00:00:00
2552,free,US,2024-05-24 00:00:00
2553,free,IN,2024-12-26 00:00:00
2554,free,CA,2024-06-23 00:00:00
2555,pro,US,2024-09-07 00:00:00
2556,free,GB,2024-12-20 00:00:00
2557,free,IN,2024-01-04 00:00:00
2558,free,CA,2024-04-18 00:00:00
2559,free,IN,2024-08-08 00:00:00
2560,free,US,2024-06-25 00:00:00
2561,free,US,2024-10-30 00:00:00
2562,pro,BR,2024-12-22 00:00:00
2563,free,BR,2024-01-11 00:00:00
2564,free,GB,2024-06-11 00:00:00
2565,free,BR,2024-05-10 00:00:00
2566,free,IN,2024-10-11 00:00:00
2567,free,CA,2024-03-14 00:00:00
2568,pro,CA,2024-02-15 00:00:00
2569,free,IN,2024-09-24 00:00:00
2570,pro,BR,2024-01-18 00:00:00
2571,free,BR,2024-06-25 00:00:00
2572,free,US,2024-07-15 00:00:00
2573,free,CA,2024-02-06 00:00:00
2574,free,DE,2024-05-26 00:00:00
2575,pro,IN,2024-05-16 00:00:00
2576,free,BR,2024-07-23 00:00:00
2577,pro,CA,2024-02-19 00:00:00
2578,free,US,2024-08-27 00:00:00
2579,pro,CA,2024-01-06 00:00:00
2580,free,GB,2024-09-16 00:00:00
2581,free,DE,2024-09-27 00:00:00
2582,pro,CA,2024-05-18 00:00:00
2583,free,US,2024-02-13 00:00:00
2584,pro,US,2024-10-04 00:00:00
2585,free,US,2024-05-15 00:00:00
2586,free,IN,2023-12-18 00:00:00
2587,free,US,2024-06-04 00:00:00
2588,free,GB,2023-11-29 00:00:00
2589,free,IN,2024-09-02 00:00:00
2590,free,CA,2024-04-25 00:00:00
2591,free,US,2024-02-06 00:00:00
2592,pro,US,2024-07-20 00:00:00
2593,free,IN,2024-09-20 00:00:00
2594,free,US,2024-12-19 00:00:00
2595,free,US,2024-05-30 00:00:00
2596,pro,IN,2024-01-10 00:00:00
2597,free,DE,2024-11-12 00:00:00
2598,free,BR,2024-07-24 00:00:00
2599,free,IN,2024-02-15 00:00:00
2600,free,BR,2024-11-29 00:00:00
2601,free,BR,2024-06-23 00:00:00
2602,free,US,2024-06-08 00:00:00
2603,free,IN,2023-12-24 00:00:00
2604,free,BR,2024-03-01 00:00:00
2605,free,CA,2024-03-01 00:00:00
2606,free,DE,2024-12-09 00:00:00
2607,free,IN,2024-01-27 00:00:00
2608,free,CA,2024-12-31 00:00:00
2609,pro,GB,2024-07-06 00:00:00
2610,free,IN,2024-11-10 00:00:00
2611,free,BR,2024-02-21 00:00:00
2612,free,DE,2024-03-29 00:00:00
2613,free,BR,2024-06-11 00:00:00
2614,pro,BR,2024-01-30 00:00:00
2615,free,IN,2024-03-25 00:00:00
2616,free,BR,2024-10-19 00:00:00
2617,free,IN,2024-07-30 00:00:00
2618,free,BR,2024-12-09 00:00:00
2619,pro,CA,2024-12-25 00:00:00
2620,free,CA,2024-01-08 00:00:00
2621,free,GB,2024-12-17 00:00:00
2622,pro,GB,2024-08-20 00:00:00
2623,free,IN,2024-09-08 00:00:00
2624,pro,CA,2024-04-06 00:00:00
2625,enterprise,DE,2024-02-22 00:00:00
2626,free,US,2024-08-28 00:00:00
2627,free,IN,2024-07-08 00:00:00
2628,free,IN,2024-10-04 00:00:00
2629,pro,DE,2024-06-26 00:00:00
2630,free,DE,2024-04-24 00:00:00
2631,free,US,2024-10-10 00:00:00
2632,pro,US,2024-06-12 00:00:00
2633,pro,CA,2023-12-16 00:00:00
2634,free,DE,2024-11-26 00:00:00
2635,free,GB,2024-07-30 00:00:00
2636,free,US,2024-03-10 00:00:00
2637,pro,IN,2024-04-17 00:00:00
2638,pro,IN,2024-11-01 00:00:00
2639,free,GB,2024-07-28 00:00:00
2640,free,US,2024-12-05 00:00:00
2641,pro,DE,2024-11-13 00:00:00
2642,pro,GB,2023-12-03 00:00:00
2643,free,BR,2024-07-18 00:00:00
2644,enterprise,GB,2024-09-29 00:00:00
2645,free,CA,2024-06-14 00:00:00
2646,free,CA,2024-03-17 00:00:00
2647,free,DE,2024-02-27 00:00:00
2648,free,GB,2024-02-22 00:00:00
2649,pro,GB,2024-08-30 00:00:00
2650,free,US,2024-01-23 00:00:00
2651,pro,GB,2023-11-30 00:00:00
2652,free,US,2024-07-29 00:00:00
2653,free,CA,2024-08-10 00:00:00
2654,pro,CA,2024-05-08 00:00:00
2655,pro,BR,2024-10-12 00:00:00
2656,free,US,2024-07-07 00:00:00
2657,free,GB,2024-10-11 00:00:00
2658,free,US,2024-11-16 00:00:00
2659,pro,IN,2024-11-20 00:00:00
2660,free,IN,2024-01-28 00:00:00
2661,free,IN,2024-02-16 00:00:00
2662,free,US,2024-06-12 00:00:00
2663,free,GB,2024-03-07 00:00:00
2664,pro,CA,2024-07-08 00:00:00
2665,pro,BR,2024-06-30 00:00:00
2666,free,GB,2024-06-18 00:00:00
2667,free,IN,2024-08-10 00:00:00
2668,free,US,2024-09-14 00:00:00
2669,free,IN,2024-08-10 00:00:00
2670,free,CA,2024-04-30 00:00:00
2671,free,BR,2024-11-17 00:00:00
2672,pro,IN,2024-11-30 00:00:00
2673,free,IN,2024-08-23 00:00:00
2674,free,IN,2024-11-10 00:00:00
2675,free,CA,2023-12-05 00:00:00
2676,free,BR,2024-05-25 00:00:00
2677,free,US,2024-04-30 00:00:00
2678,pro,DE,2024-06-23 00:00:00
2679,free,BR,2024-02-11 00:00:00
2680,pro,US,2024-06-15 00:00:00
2681,free,DE,2024-06-05 00:00:00
2682,free,DE,2024-07-19 00:00:00
2683,free,IN,2024-08-07 00:00:00
2684,pro,BR,2024-05-02 00:00:00
2685,free,BR,2024-10-22 00:00:00
2686,free,DE,2024-02-09 00:00:00
2687,free,US,2024-06-04 00:00:00
2688,pro,US,2024-08-14 00:00:00
2689,pro,IN,2024-06-24 00:00:00
2690,pro,GB,2024-05-28 00:00:00
2691,pro,IN,2024-06-05 00:00:00
2692,pro,CA,2024-01-18 00:00:00
2693,pro,US,2024-02-10 00:00:00
2694,enterprise,GB,2024-07-27 00:00:00
2695,free,IN,2024-06-25 00:00:00
2696,free,CA,2024-05-14 00:00:00
2697,free,DE,2024-06-16 00:00:00
2698,free,US,2024-07-28 00:00:00
2699,free,BR,2023-12-15 00:00:00
2700,free,IN,2024-01-29 00:00:00
2701,free,IN,2024-02-13 00:00:00
2702,free,CA,2024-03-05 00:00:00
2703,free,IN,2024-07-17 00:00:00
2704,free,DE,2024-04-24 00:00:00
2705,pro,US,2024-04-21 00:00:00
2706,free,GB,2024-01-29 00:00:00
2707,free,GB,2024-12-04 00:00:00
2708,free,US,2024-09-13 00:00:00
2709,free,DE,2024-05-20 00:00:00
2710,pro,IN,2024-04-04 00:00:00
2711,free,CA,2024-11-29 00:00:00
2712,free,GB,2024-01-15 00:00:00
2713,free,GB,2024-04-06 00:00:00
2714,pro,DE,2024-06-30 00:00:00
2715,free,BR,2024-07-19 00:00:00
2716,free,GB,2024-10-30 00:00:00
2717,free,IN,2024-07-19 00:00:00
2718,free,CA,2024-06-09 00:00:00
2719,free,DE,2024-06-25 00:00:00
2720,free,GB,2024-08-18 00:00:00
2721,free,GB,2024-10-12 00:00:00
2722,pro,IN,2024-01-01 00:00:00
2723,pro,GB,2024-03-02 00:00:00
2724,pro,IN,2023-12-08 00:00:00
2725,free,GB,2024-07-30 00:00:00
2726,enterprise,CA,2024-08-14 00:00:00
2727,free,CA,2024-11-11 00:00:00
2728,free,IN,2024-09-05 00:00:00
2729,free,DE,2024-12-26 00:00:00
2730,free,CA,2024-05-26 00:00:00
2731,pro,CA,2024-06-25 00:00:00
2732,free,GB,2024-03-14 00:00:00
2733,pro,DE,2024-09-17 00:00:00
2734,pro,DE,2024-03-20 00:00:00
2735,pro,BR,2024-07-03 00:00:00
2736,pro,IN,2024-11-20 00:00:00
2737,enterprise,US,2024-03-13 00:00:00
2738,pro,US,2024-03-06 00:00:00
2739,free,IN,2024-02-14 00:00:00
2740,pro,DE,2024-04-22 00:00:00
2741,free,CA,2024-03-26 00:00:00
2742,free,GB,2024-04-26 00:00:00
2743,enterprise,IN,2023-12-04 00:00:00
2744,pro,DE,2024-05-05 00:00:00
2745,pro,CA,2024-08-22 00:00:00
2746,free,CA,2023-12-07 00:00:00
2747,free,IN,2023-12-23 00:00:00
2748,free,GB,2024-08-09 00:00:00
2749,free,BR,2024-09-29 00:00:00
2750,pro,GB,2024-07-26 00:00:00
2751,free,US,2024-11-13 00:00:00
2752,free,CA,2024-09-25 00:00:00
2753,free,GB,2024-06-04 00:00:00
2754,pro,US,2024-06-24 00:00:00
2755,pro,GB,2024-11-13 00:00:00
2756,free,BR,2024-06-04 00:00:00
2757,free,IN,2024-08-09 00:00:00
2758,pro,CA,2024-01-11 00:00:00
2759,pro,DE,2024-08-24 00:00:00
2760,free,CA,2024-12-26 00:00:00
2761,free,GB,2024-07-21 00:00:00
2762,pro,IN,2024-08-20 00:00:00
2763,pro,US,2023-12-25 00:00:00
2764,pro,DE,2024-08-10 00:00:00
2765,free,DE,2024-10-23 00:00:00
2766,free,US,2024-02-10 00:00:00
2767,free,US,2024-04-16 00:00:00
2768,free,DE,2024-11-18 00:00:00
2769,free,IN,2024-04-21 00:00:00
2770,free,BR,2024-04-12 00:00:00
2771,pro,CA,2024-12-11 00:00:00
2772,free,BR,2024-08-20 00:00:00
2773,free,IN,2024-04-21 00:00:00
2774,free,GB,2024-08-29 00:00:00
2775,pro,BR,2024-01-14 00:00:00
2776,free,GB,2024-08-28 00:00:00
2777,free,CA,2024-04-08 00:00:00
2778,free,BR,2024-01-19 00:00:00
2779,pro,DE,2024-04-21 00:00:00
2780,free,US,2024-09-25 00:00:00
2781,free,GB,2024-05-29 00:00:00
2782,free,IN,2024-09-27 00:00:00
2783,free,DE,2024-12-11 00:00:00
2784,free,DE,2024-11-02 00:00:00
2785,free,BR,2024-04-06 00:00:00
2786,pro,CA,2024-11-13 00:00:00
2787,free,GB,2024-06-23 00:00:00
2788,free,GB,2024-03-09 00:00:00
2789,pro,IN,2024-11-22 00:00:00
2790,pro,DE,2024-06-12 00:00:00
2791,free,DE,2024-12-22 00:00:00
2792,enterprise,IN,2024-09-21 00:00:00
2793,free,BR,2024-11-02 00:00:00
2794,free,IN,2023-12-02 00:00:00
2795,enterprise,GB,2024-02-29 00:00:00
2796,pro,DE,2024-10-17 00:00:00
2797,free,BR,2023-12-28 00:00:00
2798,free,DE,2024-01-17 00:00:00
2799,free,US,2023-12-14 00:00:00
2800,free,DE,2024-02-16 00:00:00
2801,free,IN,2024-05-05 00:00:00
2802,free,DE,2024-07-31 00:00:00
2803,pro,US,2024-09-27 00:00:00
2804,free,US,2024-09-19 00:00:00
2805,pro,CA,2024-03-10 00:00:00
2806,free,CA,2024-11-30 00:00:00
2807,enterprise,US,2024-04-06 00:00:00
2808,pro,CA,2024-12-10 00:00:00
2809,free,US,2024-04-07 00:00:00
2810,pro,IN,2024-03-03 00:00:00
2811,free,DE,2024-08-14 00:00:00
2812,pro,IN,2024-03-18 00:00:00
2813,free,US,2024-08-16 00:00:00
2814,free,GB,2023-12-20 00:00:00
2815,pro,GB,2024-10-18 00:00:00
2816,free,CA,2024-01-27 00:00:00
2817,free,DE,2024-10-26 00:00:00
2818,free,DE,2024-12-31 00:00:00
2819,free,CA,2024-12-03 00:00:00
2820,free,US,2024-04-21 00:00:00
2821,enterprise,CA,2024-12-11 00:00:00
2822,free,GB,2024-04-24 00:00:00
2823,pro,GB,2024-10-19 00:00:00
2824,pro,IN,2024-10-26 00:00:00
2825,free,IN,2024-08-12 00:00:00
2826,free,GB,2024-11-03 00:00:00
2827,free,CA,2024-06-29 00:00:00
2828,free,BR,2024-04-03 00:00:00
2829,free,BR,2024-09-13 00:00:00
2830,free,US,2024-07-17 00:00:00
2831,free,GB,2024-10-30 00:00:00
2832,free,GB,2024-12-15 00:00:00
2833,free,IN,2024-04-29 00:00:00
2834,pro,CA,2024-01-10 00:00:00
2835,pro,GB,2023-12-10 00:00:00
2836,free,CA,2024-02-12 00:00:00
2837,free,BR,2024-01-19 00:00:00
2838,free,IN,2024-10-08 00:00:00
2839,free,BR,2024-09-17 00:00:00
2840,pro,US,2023-12-24 00:00:00
2841,free,US,2024-11-02 00:00:00
2842,pro,CA,2024-07-14 00:00:00
2843,free,BR,2024-03-11 00:00:00
2844,free,CA,2024-02-05 00:00:00
2845,free,DE,2024-03-06 00:00:00
2846,free,BR,2023-12-11 00:00:00
2847,free,US,2024-10-27 00:00:00
2848,free,CA,2024-05-31 00:00:00
2849,free,GB,2024-03-20 00:00:00
2850,free,BR,2024-06-15 00:00:00
2851,free,DE,2024-06-25 00:00:00
2852,free,BR,2024-11-16 00:00:00
2853,free,DE,2023-12-29 00:00:00
2854,free,IN,2024-05-17 00:00:00
2855,free,US,2024-06-28 00:00:00
2856,free,BR,2024-12-25 00:00:00
2857,free,US,2024-01-04 00:00:00
2858,free,IN,2024-01-23 00:00:00
2859,free,US,2024-09-03 00:00:00
2860,pro,GB,2024-05-17 00:00:00
2861,free,CA,2024-05-06 00:00:00
2862,free,US,2024-09-04 00:00:00
2863,free,DE,2024-11-04 00:00:00
2864,free,CA,2024-01-01 00:00:00
2865,pro,GB,2024-12-02 00:00:00
2866,free,GB,2024-11-27 00:00:00
2867,pro,IN,2024-01-27 00:00:00
2868,free,BR,2024-10-27 00:00:00
2869,free,BR,2024-12-28 00:00:00
2870,free,GB,2024-04-19 00:00:00
2871,pro,CA,2024-10-31 00:00:00
2872,free,IN,2024-07-10 00:00:00
2873,free,DE,2024-11-16 00:00:00
2874,free,GB,2023-12-26 00:00:00
2875,pro,DE,2023-12-26 00:00:00
2876,enterprise,DE,2024-02-26 00:00:00
2877,free,DE,2024-06-05 00:00:00
2878,pro,GB,2024-02-10 00:00:00
2879,free,US,2024-05-17 00:00:00
2880,free,BR,2024-09-18 00:00:00
2881,free,DE,2024-04-02 00:00:00
2882,free,BR,2024-08-18 00:00:00
2883,free,BR,2024-01-17 00:00:00
2884,free,CA,2024-10-14 00:00:00
2885,free,CA,2024-05-22 00:00:00
2886,free,BR,2024-10-09 00:00:00
2887,free,IN,2024-10-26 00:00:00
2888,pro,CA,2024-07-15 00:00:00
2889,free,DE,2024-06-09 00:00:00
2890,pro,IN,2024-10-14 00:00:00
2891,pro,US,2024-05-29 00:00:00
2892,pro,CA,2024-08-26 00:00:00
2893,free,BR,2024-07-15 00:00:00
2894,free,IN,2024-08-15 00:00:00
2895,pro,GB,2024-07-01 00:00:00
2896,enterprise,IN,2024-04-14 00:00:00
2897,free,GB,2024-10-23 00:00:00
2898,free,DE,2024-01-19 00:00:00
2899,pro,DE,2024-12-31 00:00:00
2900,free,CA,2024-05-25 00:00:00
2901,free,DE,2024-11-16 00:00:00
2902,free,DE,2024-03-26 00:00:00
2903,free,BR,2024-08-27 00:00:00
2904,enterprise,DE,2024-07-08 00:00:00
2905,free,CA,2024-12-05 00:00:00
2906,free,BR,2024-02-02 00:00:00
2907,free,BR,2024-12-10 00:00:00
2908,free,BR,2024-08-22 00:00:00
2909,pro,US,2024-02-14 00:00:00
2910,free,IN,2024-09-25 00:00:00
2911,free,BR,2023-12-13 00:00:00
2912,pro,IN,2024-12-09 00:00:00
2913,pro,DE,2024-08-23 00:00:00
2914,enterprise,US,2024-06-12 00:00:00
2915,free,DE,2023-11-28 00:00:00
2916,pro,DE,2024-01-04 00:00:00
2917,free,GB,2024-02-27 00:00:00
2918,free,CA,2024-07-20 00:00:00
2919,free,DE,2024-02-24 00:00:00
2920,free,US,2024-11-19 00:00:00
2921,free,DE,2024-03-13 00:00:00
2922,free,IN,2024-07-12 00:00:00
2923,pro,GB,2024-02-16 00:00:00
2924,free,CA,2024-01-31 00:00:00
2925,free,DE,2024-10-02 00:00:00
2926,free,US,2024-03-24 00:00:00
2927,free,GB,2024-06-27 00:00:00
2928,free,IN,2024-10-24 00:00:00
2929,free,CA,2024-06-01 00:00:00
2930,pro,IN,2024-10-09 00:00:00
2931,free,US,2024-12-23 00:00:00
2932,free,GB,2024-12-19 00:00:00
2933,free,GB,2024-10-28 00:00:00
2934,free,CA,2024-11-07 00:00:00
2935,free,GB,2024-06-06 00:00:00
2936,free,BR,2024-01-30 00:00:00
2937,free,GB,2024-10-25 00:00:00
2938,free,IN,2024-06-09 00:00:00
2939,free,DE,2024-06-18 00:00:00
2940,free,DE,2024-03-25 00:00:00
2941,free,DE,2024-11-18 00:00:00
2942,free,BR,2024-05-13 00:00:00
2943,pro,US,2023-12-07 00:00:00
2944,pro,BR,2024-02-15 00:00:00
2945,free,US,2024-03-17 00:00:00
2946,free,US,2024-10-16 00:00:00
2947,pro,DE,2024-06-07 00:00:00
2948,free,US,2024-11-11 00:00:00
2949,free,IN,2024-08-21 00:00:00
2950,free,GB,2023-12-15 00:00:00
2951,pro,CA,2024-10-30 00:00:00
2952,free,DE,2024-02-03 00:00:00
2953,free,IN,2024-05-11 00:00:00
2954,free,US,2024-07-12 00:00:00
2955,free,CA,2024-04-14 00:00:00
2956,free,DE,2024-12-04 00:00:00
2957,free,CA,2024-04-05 00:00:00
2958,free,DE,2023-12-09 00:00:00
2959,free,BR,2024-06-30 00:00:00
2960,free,GB,2024-11-26 00:00:00
2961,pro,DE,2024-02-15 00:00:00
2962,free,GB,2024-01-31 00:00:00
2963,enterprise,US,2024-12-12 00:00:00
2964,pro,BR,2024-08-10 00:00:00
2965,free,BR,2024-10-01 00:00:00
2966,free,BR,2024-04-01 00:00:00
2967,free,GB,2024-11-10 00:00:00
2968,free,CA,2024-05-20 00:00:00
2969,free,CA,2025-01-01 00:00:00
2970,pro,US,2024-09-08 00:00:00
2971,free,GB,2023-12-12 00:00:00
2972,pro,GB,2024-06-22 00:00:00
2973,free,GB,2024-10-13 00:00:00
2974,pro,CA,2024-03-13 00:00:00
2975,free,IN,2024-08-12 00:00:00
2976,free,GB,2024-01-19 00:00:00
2977,free,BR,2023-12-24 00:00:00
2978,pro,US,2024-06-29 00:00:00
2979,free,GB,2024-01-17 00:00:00
2980,free,GB,2024-03-19 00:00:00
2981,free,CA,2024-04-06 00:00:00
2982,free,CA,2024-12-29 00:00:00
2983,pro,CA,2024-01-06 00:00:00
2984,free,BR,2024-10-17 00:00:00
2985,free,IN,2024-01-02 00:00:00
2986,pro,IN,2024-06-25 00:00:00
2987,free,US,2024-02-04 00:00:00
2988,free,US,2024-05-06 00:00:00
2989,free,BR,2024-06-11 00:00:00
2990,free,DE,2024-02-01 00:00:00
2991,free,US,2024-05-19 00:00:00
2992,pro,BR,2024-05-19 00:00:00
2993,free,BR,2024-02-28 00:00:00
2994,free,IN,2023-12-26 00:00:00
2995,free,IN,2024-11-24 00:00:00
2996,free,BR,2024-07-09 00:00:00
2997,pro,BR,2024-05-30 00:00:00
2998,pro,CA,2024-09-17 00:00:00
2999,enterprise,GB,2024-08-31 00:00:00
3000,free,US,2024-06-10 00:00:00
