order_id,customer_id,product_id,quantity,order_date,status
500000,220,1026,2,2025-04-13,completed
500001,211,1009,2,2025-01-13,pending
500002,50,1020,3,2025-05-23,completed
500003,72,1015,4,2025-12-14,cancelled
500004,85,1001,1,2025-05-14,completed
500005,68,1001,1,2025-11-02,completed
500006,202,1012,4,2025-11-07,cancelled
500007,30,1019,2,2025-05-11,completed
500008,1,1029,2,2025-07-06,completed
500009,160,1012,1,2025-06-03,cancelled
500010,80,1021,3,2025-07-26,pending
500011,76,1032,2,2025-04-09,completed
500012,98,1008,3,2025-07-27,cancelled
500013,214,1000,3,2025-05-27,completed
500014,149,1035,3,2025-08-27,completed
500015,55,1029,4,2025-03-28,pending
500016,22,1011,3,2025-02-17,completed
500017,58,1008,2,2025-01-13,completed
500018,117,1021,2,2025-12-23,completed
500019,63,1007,1,2025-02-24,completed
500020,119,1002,2,2025-03-04,completed
500021,119,1030,3,2025-08-15,cancelled
500022,209,1028,4,2025-10-08,completed
500023,191,1026,4,2025-05-13,completed
500024,71,1029,4,2025-11-17,completed
500025,20,1011,2,2025-05-20,completed
500026,36,1007,2,2025-07-16,pending
500027,40,1009,1,2025-08-01,completed
500028,16,1009,4,2025-07-19,cancelled
500029,179,1001,4,2025-09-02,completed
500030,77,1019,4,2025-10-03,pending
500031,189,1031,2,2025-09-07,completed
500032,125,1001,4,2025-06-22,pending
500033,174,1021,2,2025-08-28,completed
500034,137,1001,4,2025-10-31,cancelled
500035,170,1001,1,2025-11-26,completed
500036,119,1008,1,2025-05-14,completed
500037,87,1018,3,2025-08-04,completed
500038,121,1000,1,2025-06-29,completed
500039,200,1002,1,2025-05-07,completed
500040,160,1007,2,2025-03-06,completed
500041,145,1009,4,2025-12-25,completed
500042,43,1035,1,2025-03-25,completed
500043,7,1012,4,2025-07-23,pending
500044,51,1003,2,2025-02-22,pending
500045,198,1012,1,2025-10-17,completed
500046,110,1017,1,2025-09-17,pending
500047,88,1000,4,2025-09-08,completed
500048,93,1025,2,2025-08-11,completed
500049,167,1011,4,2025-08-27,completed
500050,152,1011,3,2025-05-06,completed
500051,193,1025,4,2025-06-22,completed
500052,84,1008,4,2025-04-19,completed
500053,88,1011,3,2025-10-12,completed
500054,49,1004,2,2025-07-28,completed
500055,62,1026,4,2025-08-18,completed
500056,57,1021,2,2025-06-06,pending
500057,149,1017,4,2025-10-11,cancelled
500058,89,1022,3,2025-06-30,pending
500059,117,1011,3,2025-05-09,completed
500060,31,1030,2,2025-04-09,completed
500061,71,1034,3,2025-02-21,completed
500062,93,1008,3,2025-01-08,pending
500063,137,1006,3,2025-01-24,completed
500064,179,1006,4,2025-02-22,completed
500065,121,1027,4,2025-06-24,completed
500066,65,1026,1,2025-02-03,completed
500067,148,1002,2,2025-03-18,cancelled
500068,78,1004,2,2025-03-02,cancelled
500069,196,1022,2,2025-09-25,completed
500070,114,1012,4,2025-06-06,cancelled
500071,159,1003,1,2025-04-17,pending
500072,55,1011,1,2025-03-22,completed
500073,1,1021,4,2025-12-19,cancelled
500074,121,1011,1,2025-04-29,completed
500075,180,1025,1,2025-12-18,completed
500076,202,1034,2,2025-08-06,completed
500077,166,1007,3,2025-03-14,completed
500078,74,1023,1,2025-08-28,pending
500079,78,1021,3,2025-09-14,cancelled
500080,127,1023,1,2025-11-03,completed
500081,189,1012,3,2025-01-14,completed
500082,151,1001,3,2025-10-23,completed
500083,45,1026,4,2025-05-23,completed
500084,112,1027,1,2025-08-29,completed
500085,83,1005,2,2025-06-18,completed
500086,74,1020,1,2025-08-21,completed
500087,83,1005,4,2025-09-21,completed
500088,139,1025,4,2025-01-28,completed
500089,160,1028,4,2025-01-27,completed
500090,34,1011,4,2025-12-24,completed
500091,182,1007,3,2025-10-10,completed
500092,24,1009,1,2025-08-25,completed
500093,40,1028,3,2025-09-18,pending
500094,70,1022,4,2025-08-30,completed
500095,38,1019,2,2025-11-03,cancelled
500096,192,1006,1,2025-05-22,completed
500097,202,1028,3,2025-01-02,completed
500098,215,1034,4,2025-03-18,completed
500099,89,1013,4,2025-08-22,completed
500100,179,1010,4,2025-04-30,completed
500101,181,1018,4,2025-12-06,pending
500102,39,1028,1,2025-03-06,cancelled
500103,152,1013,1,2025-08-14,completed
500104,117,1000,2,2025-07-29,pending
500105,40,1003,4,2025-05-16,completed
500106,102,1004,3,2025-12-12,cancelled
500107,98,1012,4,2025-10-05,completed
500108,61,1011,2,2025-02-16,completed
500109,195,1005,4,2025-03-27,pending
500110,77,1001,1,2025-06-16,completed
500111,96,1023,2,2025-05-06,cancelled
500112,106,1032,2,2025-03-29,completed
500113,128,1034,2,2025-04-29,completed
500114,118,1010,1,2025-08-27,completed
500115,41,1003,4,2025-06-26,cancelled
500116,77,1022,3,2025-08-22,completed
500117,99,1027,1,2025-05-02,completed
500118,148,1012,3,2025-01-12,pending
500119,102,1011,1,2025-10-17,pending
500120,200,1002,4,2025-05-27,completed
500121,91,1009,2,2025-11-14,completed
500122,185,1007,1,2025-11-18,pending
500123,11,1012,4,2025-01-18,cancelled
500124,94,1006,1,2025-06-01,completed
500125,45,1009,2,2025-10-04,completed
500126,70,1007,3,2025-09-04,completed
500127,87,1005,4,2025-02-08,completed
500128,58,1020,3,2025-02-16,completed
500129,117,1017,3,2025-10-27,completed
500130,96,1005,2,2025-08-30,completed
500131,144,1013,2,2025-11-28,completed
500132,119,1012,4,2025-03-01,completed
500133,127,1005,1,2025-05-01,cancelled
500134,35,1019,4,2025-07-09,pending
500135,191,1031,4,2025-10-28,pending
500136,187,1007,4,2025-12-02,completed
500137,158,1021,3,2025-01-17,pending
500138,95,1009,4,2025-08-16,completed
500139,26,1017,3,2025-02-01,completed
500140,32,1025,1,2025-12-06,completed
500141,153,1001,1,2025-06-20,completed
500142,202,1032,2,2025-02-05,cancelled
500143,54,1034,2,2025-04-30,completed
500144,202,1035,1,2025-05-22,completed
500145,139,1010,2,2025-02-26,pending
500146,7,1006,1,2025-07-03,completed
500147,5,1008,3,2025-01-27,completed
500148,135,1005,1,2025-09-01,completed
500149,132,1034,1,2025-08-20,cancelled
500150,57,1002,3,2025-08-23,pending
500151,8,1003,4,2025-07-25,completed
500152,126,1024,1,2025-02-11,completed
500153,17,1006,3,2025-11-16,pending
500154,150,1031,3,2025-07-15,cancelled
500155,136,1012,4,2025-09-16,cancelled
500156,111,1005,1,2025-12-02,pending
500157,197,1031,2,2025-08-09,completed
500158,106,1014,4,2025-07-24,completed
500159,81,1022,3,2025-12-07,completed
500160,40,1026,1,2025-02-16,completed
500161,25,1017,2,2025-10-12,completed
500162,144,1032,3,2025-12-10,completed
500163,171,1022,1,2025-05-28,cancelled
500164,80,1015,1,2025-10-23,cancelled
500165,55,1007,4,2025-04-25,completed
500166,143,1017,1,2025-05-23,cancelled
500167,58,1023,1,2025-11-08,pending
500168,213,1011,1,2025-04-03,completed
500169,80,1014,3,2025-01-04,completed
500170,145,1020,1,2025-03-14,pending
500171,163,1001,1,2025-09-29,completed
500172,117,1014,2,2025-07-09,completed
500173,199,1033,1,2025-01-27,completed
500174,159,1002,1,2025-05-20,completed
500175,125,1035,4,2025-08-01,completed
500176,132,1005,3,2025-08-09,completed
500177,174,1034,4,2025-09-27,pending
500178,79,1002,2,2025-07-22,cancelled
500179,15,1000,2,2025-06-04,completed
500180,196,1010,3,2025-06-17,completed
500181,45,1006,4,2025-09-30,pending
500182,59,1028,3,2025-02-06,completed
500183,11,1023,1,2025-08-24,completed
500184,148,1023,4,2025-12-30,pending
500185,107,1011,1,2025-07-27,completed
500186,44,1025,3,2025-02-15,completed
500187,63,1023,4,2025-09-26,completed
500188,80,1014,2,2025-06-20,completed
500189,163,1005,2,2025-06-28,completed
500190,210,1007,2,2025-02-22,completed
500191,195,1003,2,2025-11-18,completed
500192,145,1033,4,2025-12-15,cancelled
500193,165,1012,3,2025-03-19,completed
500194,204,1011,1,2025-06-30,cancelled
500195,19,1012,4,2025-08-20,completed
500196,166,1004,4,2025-08-25,cancelled
500197,142,1002,4,2025-10-20,pending
500198,49,1012,4,2025-09-14,completed
500199,116,1005,3,2025-02-13,cancelled
500200,166,1008,1,2025-05-07,pending
500201,113,1023,2,2025-07-06,completed
500202,100,1021,3,2025-12-14,cancelled
500203,14,1014,1,2025-06-18,completed
500204,99,1011,3,2025-12-03,cancelled
500205,39,1013,1,2025-10-26,pending
500206,37,1015,3,2025-12-02,pending
500207,170,1019,2,2025-11-01,pending
500208,22,1012,4,2025-11-26,completed
500209,172,1030,1,2025-11-27,pending
500210,109,1029,3,2025-01-10,completed
500211,55,1014,4,2025-04-09,completed
500212,40,1003,3,2025-02-21,cancelled
500213,198,1031,1,2025-12-05,completed
500214,159,1006,4,2025-03-20,completed
500215,178,1007,4,2025-01-23,completed
500216,185,1010,4,2025-11-09,completed
500217,201,1024,2,2025-10-01,completed
500218,208,1026,2,2025-07-08,pending
500219,147,1024,4,2025-05-25,completed
500220,108,1007,2,2025-11-06,completed
500221,14,1027,3,2025-10-11,completed
500222,133,1006,3,2025-02-12,completed
500223,132,1007,4,2025-02-16,completed
500224,90,1001,4,2025-01-28,completed
500225,61,1019,1,2025-07-11,completed
500226,203,1007,2,2025-01-20,completed
500227,121,1007,4,2025-08-18,cancelled
500228,2,1004,1,2025-05-12,completed
500229,141,1035,4,2025-02-26,completed
500230,32,1002,2,2025-08-03,pending
500231,204,1025,1,2025-02-26,completed
500232,5,1029,2,2025-03-15,completed
500233,158,1015,2,2025-10-20,completed
500234,172,1004,3,2025-02-04,cancelled
500235,140,1028,1,2025-07-19,completed
500236,65,1000,3,2025-02-04,completed
500237,169,1005,3,2025-03-10,completed
500238,87,1008,4,2025-12-23,completed
500239,208,1006,1,2025-08-23,completed
500240,12,1009,1,2025-06-11,completed
500241,209,1031,4,2025-05-10,completed
500242,49,1011,3,2025-01-25,pending
500243,85,1011,1,2025-07-08,completed
500244,191,1023,4,2025-06-23,completed
500245,128,1017,3,2025-02-12,pending
500246,109,1004,4,2025-11-05,completed
500247,83,1005,1,2025-06-17,pending
500248,76,1012,4,2025-11-05,pending
500249,110,1007,4,2025-06-29,completed
500250,71,1002,1,2025-12-10,pending
500251,104,1017,2,2025-01-16,completed
500252,174,1023,1,2025-03-06,completed
500253,166,1017,3,2025-07-16,cancelled
500254,9,1035,2,2025-12-14,completed
500255,96,1024,1,2025-10-21,completed
500256,102,1012,3,2025-05-08,completed
500257,133,1019,1,2025-05-15,completed
500258,55,1011,4,2025-04-13,completed
500259,45,1024,1,2025-12-16,completed
500260,182,1003,3,2025-06-03,completed
500261,180,1008,3,2025-09-18,completed
500262,61,1028,1,2025-07-04,cancelled
500263,147,1017,4,2025-10-10,completed
500264,23,1003,3,2025-07-23,pending
500265,185,1027,4,2025-07-29,cancelled
500266,19,1006,3,2025-11-25,completed
500267,175,1029,3,2025-03-07,cancelled
500268,164,1034,2,2025-03-08,completed
500269,15,1006,2,2025-06-05,completed
500270,182,1009,3,2025-09-23,completed
500271,65,1008,3,2025-03-06,pending
500272,78,1030,1,2025-09-15,pending
500273,44,1034,2,2025-03-29,pending
500274,160,1035,3,2025-10-16,completed
500275,8,1004,1,2025-11-25,cancelled
500276,68,1009,4,2025-11-13,pending
500277,8,1028,3,2025-11-25,completed
500278,207,1021,3,2025-08-21,completed
500279,41,1023,4,2025-09-05,completed
500280,156,1007,3,2025-06-13,pending
500281,89,1020,2,2025-07-09,cancelled
500282,144,1005,3,2025-05-04,completed
500283,116,1010,2,2025-02-19,completed
500284,64,1007,3,2025-10-23,pending
500285,81,1008,2,2025-09-13,cancelled
500286,120,1028,3,2025-09-12,completed
500287,118,1010,2,2025-10-26,completed
500288,153,1026,3,2025-10-02,completed
500289,111,1006,3,2025-07-07,completed
500290,103,1002,2,2025-07-05,cancelled
500291,74,1003,4,2025-09-16,completed
500292,72,1006,2,2025-02-19,completed
500293,87,1032,3,2025-03-15,completed
500294,103,1028,1,2025-01-24,completed
500295,86,1026,4,2025-03-18,cancelled
500296,132,1007,3,2025-11-10,completed
500297,152,1014,4,2025-12-29,cancelled
500298,77,1026,1,2025-07-08,completed
500299,107,1034,3,2025-12-19,pending
500300,7,1035,4,2025-05-16,pending
500301,201,1033,2,2025-01-27,cancelled
500302,123,1008,4,2025-03-17,pending
500303,63,1001,1,2025-04-08,completed
500304,108,1007,4,2025-12-20,completed
500305,199,1026,1,2025-12-28,completed
500306,144,1013,4,2025-09-27,completed
500307,45,1025,3,2025-10-07,completed
500308,185,1011,4,2025-04-09,completed
500309,77,1011,2,2025-12-20,pending
500310,126,1012,4,2025-06-28,cancelled
500311,204,1011,3,2025-03-04,cancelled
500312,174,1031,4,2025-07-22,completed
500313,206,1007,3,2025-01-22,completed
500314,21,1015,4,2025-12-02,completed
500315,55,1009,3,2025-10-15,pending
500316,70,1007,1,2025-11-12,pending
500317,151,1010,2,2025-01-26,pending
500318,136,1009,2,2025-01-27,completed
500319,184,1026,1,2025-12-15,completed
500320,105,1026,4,2025-11-30,completed
500321,74,1012,3,2025-11-27,completed
500322,23,1033,2,2025-10-01,pending
500323,186,1001,2,2025-08-02,completed
500324,10,1020,4,2025-04-06,pending
500325,75,1001,1,2025-06-02,cancelled
500326,155,1005,3,2025-05-26,completed
500327,140,1030,4,2025-03-10,cancelled
500328,120,1011,2,2025-02-27,completed
500329,184,1008,1,2025-06-22,completed
500330,194,1008,2,2025-11-09,pending
500331,104,1022,3,2025-02-14,completed
500332,48,1007,4,2025-06-15,completed
500333,115,1011,3,2025-06-04,cancelled
500334,186,1033,1,2025-05-14,pending
500335,93,1010,1,2025-12-08,completed
500336,41,1021,3,2025-12-20,completed
500337,76,1017,2,2025-04-23,completed
500338,117,1035,3,2025-08-01,pending
500339,141,1026,2,2025-05-07,pending
500340,194,1035,1,2025-09-27,completed
500341,93,1003,1,2025-02-01,cancelled
500342,130,1009,2,2025-03-26,completed
500343,114,1005,2,2025-10-26,completed
500344,131,1024,1,2025-08-21,completed
500345,117,1032,1,2025-10-14,completed
500346,79,1001,4,2025-05-11,completed
500347,149,1003,1,2025-08-05,completed
500348,139,1003,1,2025-08-30,completed
500349,47,1006,4,2025-07-11,completed
500350,97,1018,1,2025-12-16,pending
500351,139,1006,3,2025-03-02,completed
500352,101,1030,2,2025-04-25,completed
500353,77,1025,4,2025-09-30,completed
500354,64,1025,3,2025-03-21,completed
500355,186,1005,1,2025-12-05,completed
500356,5,1010,2,2025-02-04,completed
500357,115,1035,1,2025-05-06,pending
500358,12,1020,4,2025-04-30,cancelled
500359,56,1002,2,2025-09-15,completed
500360,188,1033,3,2025-10-23,cancelled
500361,198,1012,2,2025-06-04,completed
500362,134,1009,4,2025-06-03,completed
500363,161,1022,4,2025-01-25,completed
500364,172,1018,3,2025-12-23,completed
500365,77,1018,2,2025-10-03,completed
500366,58,1012,2,2025-08-26,completed
500367,107,1032,2,2025-07-18,completed
500368,85,1004,4,2025-07-09,completed
500369,213,1008,1,2025-05-18,completed
500370,155,1002,1,2025-04-07,cancelled
500371,186,1032,2,2025-09-03,completed
500372,86,1012,1,2025-04-19,completed
500373,31,1027,2,2025-12-23,cancelled
500374,181,1009,4,2025-05-03,cancelled
500375,83,1011,4,2025-08-27,cancelled
500376,167,1016,3,2025-05-14,completed
500377,128,1026,1,2025-08-29,completed
500378,95,1012,4,2025-01-24,cancelled
500379,57,1007,1,2025-05-14,cancelled
500380,150,1033,4,2025-06-01,completed
500381,59,1018,2,2025-09-13,cancelled
500382,168,1014,3,2025-09-08,pending
500383,165,1027,4,2025-03-28,pending
500384,204,1015,2,2025-03-13,pending
500385,140,1027,2,2025-10-05,pending
500386,16,1030,1,2025-02-08,pending
500387,13,1000,4,2025-03-12,pending
500388,60,1003,2,2025-01-05,completed
500389,96,1003,4,2025-12-04,completed
500390,106,1000,1,2025-09-29,pending
500391,71,1030,3,2025-01-09,cancelled
500392,209,1023,2,2025-02-24,completed
500393,62,1008,3,2025-07-01,completed
500394,21,1018,4,2025-08-24,cancelled
500395,63,1009,3,2025-12-17,completed
500396,220,1001,1,2025-07-27,completed
500397,122,1002,1,2025-12-26,completed
500398,217,1023,3,2025-10-17,completed
500399,11,1009,2,2025-12-21,cancelled
500400,122,1011,1,2025-02-08,pending
500401,72,1031,1,2025-04-02,completed
500402,37,1020,1,2025-06-03,completed
500403,146,1019,3,2025-07-16,pending
500404,36,1004,3,2025-01-28,completed
500405,215,1003,3,2025-11-06,cancelled
500406,153,1020,3,2025-01-16,pending
500407,70,1024,4,2025-04-27,completed
500408,97,1023,2,2025-12-15,cancelled
500409,170,1018,1,2025-11-13,completed
500410,183,1003,1,2025-05-18,completed
500411,201,1007,4,2025-06-12,completed
500412,114,1016,3,2025-02-22,completed
500413,111,1024,4,2025-02-22,completed
500414,142,1004,3,2025-07-17,completed
500415,100,1004,2,2025-10-20,cancelled
500416,44,1018,2,2025-03-13,completed
500417,127,1007,1,2025-03-27,completed
500418,201,1003,3,2025-05-09,completed
500419,127,1034,2,2025-08-23,completed
500420,2,1020,3,2025-11-14,completed
500421,85,1023,3,2025-08-09,pending
500422,153,1006,3,2025-06-14,cancelled
500423,178,1009,4,2025-06-10,completed
500424,82,1011,4,2025-10-22,completed
500425,94,1005,2,2025-10-31,cancelled
500426,47,1031,1,2025-08-25,pending
500427,54,1023,3,2025-12-21,completed
500428,204,1021,4,2025-03-13,pending
500429,78,1010,3,2025-12-04,completed
500430,203,1018,1,2025-08-18,cancelled
500431,123,1034,4,2025-10-01,cancelled
500432,178,1022,1,2025-07-04,pending
500433,208,1030,1,2025-02-25,completed
500434,91,1007,1,2025-10-16,pending
500435,174,1020,3,2025-08-09,completed
500436,131,1029,2,2025-08-17,completed
500437,198,1034,2,2025-06-26,completed
500438,76,1022,1,2025-03-01,pending
500439,37,1015,3,2025-06-25,completed
500440,134,1027,3,2025-09-01,completed
500441,179,1024,3,2025-02-04,completed
500442,6,1014,1,2025-12-13,completed
500443,190,1010,2,2025-10-10,completed
500444,60,1021,2,2025-04-06,pending
500445,169,1023,4,2025-01-15,pending
500446,158,1008,4,2025-10-31,completed
500447,181,1009,2,2025-05-23,pending
500448,208,1003,1,2025-10-02,completed
500449,51,1025,1,2025-05-15,pending
500450,126,1030,3,2025-11-02,completed
500451,151,1005,3,2025-06-30,completed
500452,209,1012,1,2025-12-11,completed
500453,30,1008,3,2025-12-22,completed
500454,108,1035,2,2025-10-22,completed
500455,125,1031,2,2025-10-12,completed
500456,36,1008,3,2025-08-19,cancelled
500457,14,1016,1,2025-09-06,completed
500458,99,1032,4,2025-07-29,pending
500459,126,1022,4,2025-09-08,completed
500460,8,1009,3,2025-01-17,completed
500461,200,1025,4,2025-10-09,cancelled
500462,29,1033,1,2025-05-18,cancelled
500463,211,1017,1,2025-08-14,cancelled
500464,56,1022,1,2025-12-01,completed
500465,9,1024,3,2025-06-28,completed
500466,31,1010,2,2025-10-29,pending
500467,90,1035,4,2025-03-26,cancelled
500468,36,1009,2,2025-01-31,cancelled
500469,90,1030,3,2025-11-02,cancelled
500470,44,1012,3,2025-05-29,cancelled
500471,69,1029,1,2025-03-11,completed
500472,71,1006,2,2025-05-08,completed
500473,213,1010,4,2025-09-08,completed
500474,69,1021,4,2025-08-20,completed
500475,197,1004,4,2025-09-21,pending
500476,72,1017,4,2025-09-07,completed
500477,199,1004,4,2025-11-22,pending
500478,179,1016,1,2025-10-01,completed
500479,110,1009,4,2025-05-18,completed
500480,87,1031,2,2025-10-17,completed
500481,175,1002,1,2025-02-20,pending
500482,201,1025,1,2025-03-05,completed
500483,1,1023,2,2025-12-19,completed
500484,78,1007,3,2025-02-17,pending
500485,93,1010,1,2025-07-10,pending
500486,167,1007,1,2025-07-22,pending
500487,79,1010,4,2025-12-02,completed
500488,1,1009,4,2025-02-09,completed
500489,133,1024,1,2025-01-05,pending
500490,88,1006,4,2025-12-22,completed
500491,59,1019,1,2025-02-22,completed
500492,77,1007,4,2025-03-10,pending
500493,174,1007,1,2025-09-29,cancelled
500494,3,1035,2,2025-08-14,completed
500495,161,1007,4,2025-11-12,pending
500496,114,1009,1,2025-02-21,completed
500497,151,1019,3,2025-08-08,completed
500498,64,1011,1,2025-05-08,cancelled
500499,154,1035,3,2025-12-20,completed
500500,169,1012,2,2025-09-23,cancelled
500501,131,1008,4,2025-06-01,pending
500502,14,1010,4,2025-07-17,completed
500503,136,1000,3,2025-06-12,completed
500504,215,1033,4,2025-07-07,cancelled
500505,175,1008,4,2025-02-07,completed
500506,4,1011,2,2025-01-21,completed
500507,102,1028,3,2025-11-18,pending
500508,129,1022,4,2025-12-26,completed
500509,138,1031,2,2025-05-23,completed
500510,131,1009,2,2025-10-02,completed
500511,163,1003,3,2025-12-24,completed
500512,217,1010,1,2025-05-06,completed
500513,30,1025,1,2025-06-08,pending
500514,190,1008,1,2025-01-07,pending
500515,36,1000,2,2025-09-12,completed
500516,201,1010,2,2025-07-10,completed
500517,69,1006,1,2025-06-21,completed
500518,17,1011,1,2025-09-12,completed
500519,15,1028,2,2025-07-08,completed
500520,27,1033,1,2025-04-27,pending
500521,131,1000,1,2025-01-07,completed
500522,39,1008,1,2025-10-11,pending
500523,190,1022,2,2025-06-14,completed
500524,185,1012,3,2025-02-09,cancelled
500525,96,1006,1,2025-04-02,completed
500526,12,1020,1,2025-08-27,completed
500527,80,1013,1,2025-10-11,completed
500528,145,1012,2,2025-08-26,completed
500529,127,1008,2,2025-03-19,completed
500530,7,1010,3,2025-11-22,pending
500531,3,1014,1,2025-12-03,completed
500532,187,1012,1,2025-04-16,cancelled
500533,61,1022,4,2025-01-31,completed
500534,24,1002,2,2025-09-24,completed
500535,96,1025,1,2025-10-25,completed
500536,164,1020,1,2025-10-31,cancelled
500537,16,1023,2,2025-05-02,completed
500538,81,1020,3,2025-06-12,completed
500539,20,1009,2,2025-10-27,completed
500540,120,1012,4,2025-03-03,cancelled
500541,92,1009,4,2025-06-07,completed
500542,41,1012,1,2025-04-21,completed
500543,92,1020,1,2025-12-13,completed
500544,45,1001,4,2025-08-20,cancelled
500545,192,1031,2,2025-02-18,completed
500546,204,1007,1,2025-01-07,completed
500547,57,1006,2,2025-07-25,completed
500548,166,1004,3,2025-02-08,completed
500549,51,1024,2,2025-02-17,completed
500550,119,1002,2,2025-10-21,completed
500551,102,1028,1,2025-07-15,pending
500552,110,1008,3,2025-04-20,completed
500553,9,1010,3,2025-09-13,completed
500554,123,1003,1,2025-05-24,completed
500555,52,1030,2,2025-11-19,cancelled
500556,204,1000,4,2025-07-03,completed
500557,125,1015,3,2025-07-18,completed
500558,82,1035,2,2025-01-16,completed
500559,92,1034,2,2025-03-23,completed
500560,62,1011,1,2025-04-23,cancelled
500561,217,1019,3,2025-03-30,completed
500562,82,1016,1,2025-12-27,pending
500563,91,1033,2,2025-10-16,completed
500564,208,1027,3,2025-03-31,completed
500565,155,1009,1,2025-09-27,completed
500566,207,1006,3,2025-04-01,completed
500567,38,1034,2,2025-02-26,cancelled
500568,94,1003,3,2025-12-27,pending
500569,102,1034,1,2025-06-22,completed
500570,41,1023,4,2025-11-29,completed
500571,144,1016,2,2025-12-07,cancelled
500572,209,1008,4,2025-06-07,pending
500573,177,1012,2,2025-04-01,pending
500574,1,1033,4,2025-10-18,completed
500575,82,1009,1,2025-09-12,completed
500576,89,1012,2,2025-11-22,completed
500577,172,1014,4,2025-01-06,completed
500578,178,1003,3,2025-05-12,completed
500579,13,1019,4,2025-08-03,completed
500580,127,1018,3,2025-10-07,completed
500581,123,1033,2,2025-03-25,completed
500582,6,1012,3,2025-02-23,completed
500583,97,1007,1,2025-10-08,completed
500584,181,1001,4,2025-12-01,completed
500585,112,1007,1,2025-02-21,completed
500586,179,1032,3,2025-12-05,completed
500587,25,1002,4,2025-10-20,cancelled
500588,216,1027,2,2025-01-28,completed
500589,211,1035,4,2025-04-13,completed
500590,21,1026,1,2025-06-07,completed
500591,170,1011,1,2025-11-25,cancelled
500592,100,1008,3,2025-07-15,completed
500593,113,1025,3,2025-04-26,completed
500594,39,1004,1,2025-12-09,completed
500595,106,1034,2,2025-10-11,completed
500596,210,1030,4,2025-10-02,pending
500597,122,1033,2,2025-09-01,completed
500598,129,1033,2,2025-03-03,completed
500599,43,1009,2,2025-03-06,completed
500600,175,1023,2,2025-11-18,completed
500601,67,1012,1,2025-02-14,completed
500602,142,1013,3,2025-09-24,completed
500603,4,1034,4,2025-02-27,completed
500604,146,1034,1,2025-02-24,cancelled
500605,200,1005,3,2025-10-02,completed
500606,68,1019,4,2025-10-20,cancelled
500607,122,1001,2,2025-05-22,completed
500608,156,1020,1,2025-07-22,completed
500609,13,1026,3,2025-07-10,completed
500610,204,1012,3,2025-05-24,completed
500611,176,1005,2,2025-03-10,completed
500612,114,1012,3,2025-08-02,cancelled
500613,166,1004,2,2025-08-15,completed
500614,105,1027,3,2025-01-29,cancelled
500615,203,1007,1,2025-06-09,pending
500616,130,1021,2,2025-09-26,cancelled
500617,8,1008,2,2025-04-13,completed
500618,93,1008,3,2025-07-08,completed
500619,163,1006,1,2025-05-04,completed
500620,115,1008,4,2025-10-28,cancelled
500621,90,1015,2,2025-05-13,pending
500622,213,1004,3,2025-01-15,completed
500623,220,1009,2,2025-12-13,completed
500624,6,1000,4,2025-03-09,pending
500625,45,1035,1,2025-04-25,completed
500626,79,1011,4,2025-07-12,completed
500627,56,1026,3,2025-12-13,cancelled
500628,212,1020,1,2025-01-04,cancelled
500629,170,1018,3,2025-06-02,pending
500630,28,1027,1,2025-06-22,completed
500631,71,1010,3,2025-04-07,completed
500632,62,1002,4,2025-12-05,completed
500633,185,1001,4,2025-06-01,completed
500634,104,1019,1,2025-10-26,pending
500635,147,1008,3,2025-04-24,pending
500636,137,1026,3,2025-09-17,completed
500637,216,1032,2,2025-05-31,completed
500638,190,1010,2,2025-12-15,completed
500639,57,1016,2,2025-06-07,completed
500640,85,1017,3,2025-10-27,completed
500641,31,1026,1,2025-11-21,cancelled
500642,149,1003,4,2025-04-10,cancelled
500643,31,1018,3,2025-07-31,completed
500644,39,1007,2,2025-06-25,completed
500645,118,1007,3,2025-04-03,completed
500646,162,1008,3,2025-11-21,completed
500647,195,1008,2,2025-09-08,completed
500648,104,1023,4,2025-07-16,completed
500649,4,1012,2,2025-01-10,pending
500650,2,1010,2,2025-12-22,completed
500651,129,1034,3,2025-03-27,completed
500652,77,1011,4,2025-09-24,cancelled
500653,135,1014,4,2025-12-18,completed
500654,126,1016,2,2025-03-26,completed
500655,55,1001,2,2025-03-05,completed
500656,203,1001,4,2025-11-24,completed
500657,160,1002,1,2025-12-05,completed
500658,6,1002,1,2025-08-02,completed
500659,141,1010,4,2025-12-26,completed
500660,78,1022,1,2025-12-06,cancelled
500661,70,1035,2,2025-08-03,completed
500662,159,1006,3,2025-02-28,completed
500663,156,1009,3,2025-09-25,completed
500664,105,1012,2,2025-01-21,cancelled
500665,128,1009,4,2025-06-19,completed
500666,29,1033,4,2025-03-18,completed
500667,20,1005,3,2025-11-26,completed
500668,76,1011,4,2025-01-26,completed
500669,11,1011,3,2025-12-13,completed
500670,30,1004,1,2025-01-05,completed
500671,44,1013,3,2025-08-13,cancelled
500672,69,1004,3,2025-06-25,completed
500673,103,1025,3,2025-07-17,pending
500674,218,1026,4,2025-11-29,completed
500675,179,1003,2,2025-02-23,completed
500676,124,1033,4,2025-04-03,cancelled
500677,98,1016,1,2025-12-17,pending
500678,34,1027,4,2025-02-27,completed
500679,17,1010,3,2025-01-07,pending
500680,174,1030,2,2025-12-09,completed
500681,177,1004,4,2025-12-05,pending
500682,64,1027,3,2025-12-06,pending
500683,165,1019,2,2025-10-13,cancelled
500684,14,1000,2,2025-09-16,completed
500685,43,1003,4,2025-06-14,completed
500686,72,1002,2,2025-10-09,pending
500687,97,1021,2,2025-02-10,completed
500688,147,1024,1,2025-09-13,completed
500689,128,1000,1,2025-07-26,completed
500690,212,1004,3,2025-09-18,cancelled
500691,53,1025,3,2025-07-06,completed
500692,217,1025,3,2025-10-14,cancelled
500693,154,1026,3,2025-08-20,completed
500694,169,1009,1,2025-06-24,completed
500695,205,1011,3,2025-12-26,completed
500696,36,1021,1,2025-05-11,cancelled
500697,51,1008,1,2025-07-21,completed
500698,201,1008,3,2025-02-25,completed
500699,32,1024,4,2025-12-04,cancelled
500700,130,1006,4,2025-01-03,cancelled
500701,189,1002,4,2025-10-27,completed
500702,200,1008,2,2025-03-07,completed
500703,154,1035,3,2025-09-16,completed
500704,156,1010,3,2025-07-23,completed
500705,116,1006,2,2025-07-31,cancelled
500706,180,1029,3,2025-12-26,cancelled
500707,81,1032,2,2025-04-13,completed
500708,75,1015,2,2025-12-30,pending
500709,46,1028,3,2025-12-30,completed
500710,144,1027,4,2025-12-12,pending
500711,216,1030,3,2025-08-05,completed
500712,7,1018,2,2025-01-28,pending
500713,15,1009,3,2025-03-24,completed
500714,38,1003,3,2025-04-15,cancelled
500715,9,1016,4,2025-02-22,cancelled
500716,173,1032,2,2025-11-28,cancelled
500717,100,1010,3,2025-12-21,pending
500718,13,1018,4,2025-08-02,pending
500719,81,1032,1,2025-01-07,pending
500720,65,1009,4,2025-04-26,pending
500721,181,1017,2,2025-04-10,completed
500722,175,1003,2,2025-03-30,pending
500723,132,1006,4,2025-01-21,completed
500724,68,1006,2,2025-10-27,completed
500725,11,1007,3,2025-11-02,completed
500726,161,1012,4,2025-10-21,cancelled
500727,92,1003,3,2025-09-27,completed
500728,134,1003,2,2025-08-01,cancelled
500729,138,1021,1,2025-06-28,completed
500730,170,1013,3,2025-07-04,completed
500731,193,1030,4,2025-10-15,pending
500732,3,1005,3,2025-08-17,completed
500733,158,1010,1,2025-12-16,completed
500734,204,1005,4,2025-05-12,cancelled
500735,186,1011,1,2025-09-22,completed
500736,131,1024,4,2025-01-23,completed
500737,50,1012,1,2025-02-19,completed
500738,198,1031,1,2025-11-17,completed
500739,162,1009,4,2025-02-23,completed
500740,180,1023,1,2025-12-18,completed
500741,10,1004,1,2025-01-28,completed
500742,143,1003,2,2025-05-13,completed
500743,162,1021,4,2025-06-11,completed
500744,31,1030,1,2025-11-25,pending
500745,159,1003,1,2025-12-25,completed
500746,129,1005,3,2025-12-18,completed
500747,73,1023,4,2025-07-22,pending
500748,8,1026,2,2025-10-01,completed
500749,101,1031,3,2025-11-21,completed
500750,204,1018,1,2025-10-11,cancelled
500751,37,1006,1,2025-01-03,cancelled
500752,153,1020,1,2025-06-06,completed
500753,186,1015,2,2025-07-31,pending
500754,218,1029,2,2025-03-24,completed
500755,214,1010,2,2025-02-28,completed
500756,146,1002,4,2025-11-27,cancelled
500757,19,1011,1,2025-05-09,completed
500758,85,1016,2,2025-12-10,pending
500759,61,1005,3,2025-11-14,completed
500760,82,1027,4,2025-06-18,cancelled
500761,169,1012,2,2025-10-17,cancelled
500762,94,1012,4,2025-03-28,completed
500763,71,1016,2,2025-12-14,pending
500764,85,1027,4,2025-08-17,completed
500765,125,1031,1,2025-03-31,pending
500766,156,1004,3,2025-03-13,cancelled
500767,51,1011,1,2025-02-08,completed
500768,162,1001,4,2025-10-30,completed
500769,142,1010,4,2025-12-01,completed
500770,58,1034,3,2025-03-10,completed
500771,24,1020,3,2025-09-15,completed
500772,218,1007,2,2025-08-17,completed
500773,189,1027,3,2025-01-21,completed
500774,60,1003,3,2025-07-09,completed
500775,203,1016,4,2025-08-29,completed
500776,11,1012,1,2025-12-27,cancelled
500777,163,1011,3,2025-10-24,cancelled
500778,146,1008,4,2025-12-01,completed
500779,168,1003,3,2025-07-12,completed
500780,91,1015,4,2025-09-04,cancelled
500781,2,1028,2,2025-08-14,completed
500782,132,1011,2,2025-03-18,completed
500783,170,1009,4,2025-06-19,pending
500784,30,1027,4,2025-09-03,completed
500785,166,1021,1,2025-05-05,completed
500786,152,1007,2,2025-11-19,cancelled
500787,11,1033,2,2025-01-29,completed
500788,47,1029,4,2025-11-03,cancelled
500789,164,1000,3,2025-02-13,completed
500790,121,1027,2,2025-04-23,completed
500791,204,1034,2,2025-11-16,pending
500792,131,1011,2,2025-12-18,completed
500793,153,1034,1,2025-04-28,completed
500794,28,1000,2,2025-09-25,cancelled
500795,176,1022,2,2025-11-07,completed
500796,158,1035,1,2025-09-30,cancelled
500797,193,1006,1,2025-09-04,pending
500798,34,1035,1,2025-12-14,pending
500799,111,1029,4,2025-07-09,completed
500800,110,1009,4,2025-07-15,completed
500801,190,1033,1,2025-08-06,completed
500802,197,1010,1,2025-05-26,cancelled
500803,140,1021,3,2025-04-07,completed
500804,203,1000,1,2025-09-24,completed
500805,53,1012,4,2025-07-05,completed
500806,65,1010,4,2025-10-17,completed
500807,175,1020,2,2025-07-31,cancelled
500808,201,1032,4,2025-04-02,completed
500809,124,1010,3,2025-10-23,completed
500810,102,1007,1,2025-04-28,completed
500811,42,1005,2,2025-09-18,completed
500812,206,1031,1,2025-03-24,completed
500813,2,1004,2,2025-08-30,cancelled
500814,112,1004,1,2025-05-15,completed
500815,156,1001,4,2025-07-25,cancelled
500816,168,1029,3,2025-12-31,cancelled
500817,15,1008,4,2025-08-13,completed
500818,74,1008,1,2025-11-03,cancelled
500819,133,1010,2,2025-12-12,completed
500820,168,1000,2,2025-02-14,completed
500821,91,1020,4,2025-10-28,completed
500822,189,1003,1,2025-10-09,completed
500823,144,1034,3,2025-06-27,completed
500824,50,1025,4,2025-10-22,completed
500825,105,1028,1,2025-10-14,completed
500826,88,1005,3,2025-10-03,cancelled
500827,65,1024,4,2025-10-16,completed
500828,194,1014,4,2025-12-15,completed
500829,8,1027,1,2025-05-13,completed
500830,202,1009,2,2025-06-11,completed
500831,133,1030,1,2025-12-25,completed
500832,24,1020,3,2025-02-08,cancelled
500833,46,1026,3,2025-07-01,completed
500834,69,1008,2,2025-09-13,pending
500835,52,1010,2,2025-05-16,completed
500836,40,1005,1,2025-02-10,pending
500837,170,1027,1,2025-10-05,completed
500838,96,1012,4,2025-10-22,completed
500839,196,1029,3,2025-07-23,completed
500840,33,1002,4,2025-09-02,cancelled
500841,9,1028,3,2025-07-21,pending
500842,199,1008,4,2025-03-03,pending
500843,133,1025,3,2025-12-19,completed
500844,149,1005,3,2025-07-05,cancelled
500845,67,1008,3,2025-05-02,completed
500846,157,1014,3,2025-04-05,completed
500847,108,1017,3,2025-07-25,completed
500848,147,1006,2,2025-02-21,pending
500849,70,1010,4,2025-07-15,completed
500850,122,1000,2,2025-08-04,completed
500851,218,1029,3,2025-09-07,completed
500852,220,1033,1,2025-07-23,completed
500853,16,1009,3,2025-09-01,pending
500854,25,1024,3,2025-05-14,completed
500855,143,1010,3,2025-01-11,completed
500856,148,1033,2,2025-05-26,completed
500857,131,1027,4,2025-02-10,completed
500858,119,1007,2,2025-11-24,completed
500859,157,1033,4,2025-02-06,completed
500860,59,1012,3,2025-12-01,completed
500861,155,1020,3,2025-08-16,completed
500862,134,1024,4,2025-03-27,completed
500863,33,1010,3,2025-12-25,pending
500864,21,1009,2,2025-07-23,completed
500865,14,1001,4,2025-09-26,completed
500866,159,1007,1,2025-12-02,completed
500867,114,1006,2,2025-09-27,completed
500868,84,1026,4,2025-10-04,completed
500869,35,1031,2,2025-10-30,cancelled
500870,117,1032,4,2025-09-26,pending
500871,164,1030,3,2025-06-27,completed
500872,207,1004,4,2025-06-07,completed
500873,40,1012,1,2025-01-01,cancelled
500874,209,1006,3,2025-05-27,completed
500875,177,1027,4,2025-06-03,completed
500876,205,1011,2,2025-01-04,cancelled
500877,96,1008,4,2025-10-15,completed
500878,42,1019,4,2025-04-23,completed
500879,161,1010,3,2025-05-26,pending
500880,191,1030,3,2025-07-31,completed
500881,47,1006,3,2025-02-26,pending
500882,117,1024,3,2025-12-25,cancelled
500883,126,1008,3,2025-01-10,completed
500884,48,1005,3,2025-05-18,completed
500885,187,1000,2,2025-02-16,completed
500886,108,1012,4,2025-07-10,completed
500887,9,1013,1,2025-03-16,completed
500888,101,1003,4,2025-04-03,completed
500889,65,1018,1,2025-03-04,pending
500890,64,1019,4,2025-05-07,pending
500891,9,1008,4,2025-02-18,cancelled
500892,171,1009,4,2025-07-19,pending
500893,80,1012,2,2025-11-19,pending
500894,11,1031,1,2025-05-10,completed
500895,51,1016,1,2025-12-08,completed
500896,61,1023,3,2025-01-08,completed
500897,150,1006,4,2025-05-05,completed
500898,149,1026,2,2025-07-10,completed
500899,128,1004,3,2025-11-17,completed
500900,166,1007,1,2025-03-06,completed
500901,207,1023,2,2025-01-11,pending
500902,97,1016,2,2025-05-09,completed
500903,113,1032,3,2025-10-05,pending
500904,126,1008,2,2025-10-06,completed
500905,213,1035,2,2025-02-05,cancelled
500906,40,1024,3,2025-05-15,cancelled
500907,94,1025,1,2025-11-23,cancelled
500908,98,1008,1,2025-11-14,completed
500909,62,1012,1,2025-12-04,cancelled
500910,210,1019,2,2025-09-26,pending
500911,128,1031,2,2025-11-10,completed
500912,165,1012,1,2025-02-19,cancelled
500913,169,1003,1,2025-03-08,completed
500914,52,1005,4,2025-04-09,completed
500915,169,1027,3,2025-01-26,completed
500916,184,1003,1,2025-04-17,pending
500917,126,1004,4,2025-11-24,completed
500918,191,1022,3,2025-12-29,completed
500919,69,1030,1,2025-02-06,completed
500920,25,1005,2,2025-09-30,completed
500921,135,1010,2,2025-10-13,pending
500922,143,1022,1,2025-11-23,cancelled
500923,92,1025,4,2025-02-23,completed
500924,141,1020,3,2025-12-03,completed
500925,154,1024,3,2025-06-11,cancelled
500926,84,1017,4,2025-11-21,completed
500927,83,1035,2,2025-10-16,cancelled
500928,55,1018,3,2025-07-04,completed
500929,102,1000,1,2025-05-26,cancelled
500930,5,1029,2,2025-06-04,completed
500931,57,1009,3,2025-01-12,pending
500932,211,1011,2,2025-02-18,completed
500933,40,1007,3,2025-07-07,cancelled
500934,64,1010,3,2025-06-03,completed
500935,146,1009,1,2025-06-16,completed
500936,210,1004,3,2025-01-20,pending
500937,207,1033,4,2025-02-10,completed
500938,86,1015,4,2025-08-02,completed
500939,59,1035,1,2025-11-21,pending
500940,98,1002,3,2025-09-26,completed
500941,145,1007,3,2025-09-15,pending
500942,57,1007,1,2025-12-11,pending
500943,101,1024,1,2025-04-24,completed
500944,101,1007,2,2025-06-22,completed
500945,191,1002,4,2025-05-15,completed
500946,112,1006,2,2025-09-04,cancelled
500947,51,1027,4,2025-11-30,cancelled
500948,51,1032,2,2025-05-05,completed
500949,111,1012,1,2025-02-27,pending
500950,106,1022,3,2025-06-28,completed
500951,153,1001,3,2025-03-28,completed
500952,206,1024,2,2025-08-14,completed
500953,60,1009,3,2025-03-21,pending
500954,219,1004,1,2025-01-28,completed
500955,38,1011,1,2025-06-25,pending
500956,206,1005,3,2025-08-19,completed
500957,55,1009,3,2025-10-08,completed
500958,37,1000,4,2025-10-26,pending
500959,135,1002,3,2025-03-29,completed
500960,203,1011,1,2025-08-27,pending
500961,3,1003,4,2025-12-05,completed
500962,169,1016,1,2025-01-10,completed
500963,167,1019,2,2025-07-14,cancelled
500964,182,1005,3,2025-09-06,cancelled
500965,137,1004,2,2025-04-12,cancelled
500966,118,1032,1,2025-01-21,completed
500967,79,1013,4,2025-07-21,pending
500968,41,1000,3,2025-12-17,completed
500969,78,1010,3,2025-02-01,pending
500970,66,1019,1,2025-10-12,completed
500971,88,1020,2,2025-02-14,pending
500972,98,1029,2,2025-08-02,completed
500973,110,1012,3,2025-08-18,cancelled
500974,34,1009,2,2025-10-25,cancelled
500975,176,1009,2,2025-06-08,pending
500976,181,1030,2,2025-08-09,completed
500977,145,1007,3,2025-02-04,cancelled
500978,137,1006,2,2025-06-12,completed
500979,196,1012,4,2025-07-30,completed
500980,211,1011,2,2025-04-07,completed
500981,156,1033,2,2025-11-02,completed
500982,7,1016,1,2025-12-19,completed
500983,217,1035,4,2025-12-31,pending
500984,96,1008,4,2025-09-09,completed
500985,9,1021,1,2025-05-19,completed
500986,172,1009,2,2025-02-03,completed
500987,113,1027,3,2025-08-23,completed
500988,199,1002,4,2025-06-10,completed
500989,191,1033,1,2025-09-24,completed
500990,212,1002,2,2025-09-23,cancelled
500991,102,1002,4,2025-09-22,pending
500992,13,1008,3,2025-08-14,completed
500993,199,1011,4,2025-03-27,completed
500994,37,1025,4,2025-02-16,pending
500995,129,1005,2,2025-10-27,pending
500996,140,1006,4,2025-07-31,completed
500997,46,1025,2,2025-08-21,completed
500998,178,1007,1,2025-02-16,completed
500999,163,1016,1,2025-09-26,pending
501000,99,1029,2,2025-07-13,cancelled
501001,98,1002,2,2025-06-21,cancelled
501002,169,1007,2,2025-03-16,completed
501003,14,1022,3,2025-06-08,pending
501004,197,1024,3,2025-11-17,completed
501005,34,1009,1,2025-11-15,completed
501006,140,1000,4,2025-05-02,completed
501007,122,1025,4,2025-08-15,completed
501008,2,1010,3,2025-11-14,pending
501009,143,1009,1,2025-04-05,completed
501010,38,1001,3,2025-06-19,completed
501011,42,1011,2,2025-08-22,pending
501012,149,1016,1,2025-02-17,completed
501013,98,1003,4,2025-10-09,completed
501014,35,1006,3,2025-06-18,cancelled
501015,106,1030,2,2025-12-23,completed
501016,28,1033,1,2025-09-05,pending
501017,177,1035,3,2025-08-07,cancelled
501018,218,1012,3,2025-09-27,cancelled
501019,160,1016,2,2025-11-11,cancelled
501020,128,1029,4,2025-09-10,completed
501021,60,1011,2,2025-01-01,completed
501022,189,1009,4,2025-07-31,completed
501023,3,1009,3,2025-05-11,completed
501024,83,1000,1,2025-12-18,completed
501025,186,1033,1,2025-03-31,completed
501026,87,1027,4,2025-01-19,pending
501027,35,1027,2,2025-11-18,completed
501028,138,1014,4,2025-07-31,pending
501029,15,1029,3,2025-10-17,pending
501030,174,1012,1,2025-04-17,cancelled
501031,176,1013,3,2025-02-03,completed
501032,8,1014,4,2025-11-17,cancelled
501033,216,1007,4,2025-04-06,cancelled
501034,30,1012,3,2025-12-30,completed
501035,61,1017,4,2025-06-04,completed
501036,45,1005,3,2025-01-20,completed
501037,114,1028,1,2025-09-05,cancelled
501038,40,1008,3,2025-09-05,pending
501039,135,1012,3,2025-03-15,completed
501040,133,1006,2,2025-01-19,completed
501041,134,1005,1,2025-06-09,completed
501042,153,1004,3,2025-08-28,completed
501043,197,1012,1,2025-10-23,completed
501044,54,1012,2,2025-04-09,completed
501045,172,1006,3,2025-03-18,completed
501046,4,1032,1,2025-04-16,cancelled
501047,90,1031,3,2025-05-19,completed
501048,206,1011,2,2025-03-29,completed
501049,114,1002,2,2025-01-15,completed
501050,13,1005,4,2025-01-28,completed
501051,46,1035,4,2025-11-12,completed
501052,210,1008,1,2025-08-27,cancelled
501053,34,1004,4,2025-02-19,completed
501054,165,1025,4,2025-04-29,completed
501055,158,1010,3,2025-07-20,completed
501056,171,1013,3,2025-08-21,completed
501057,90,1027,4,2025-03-29,completed
501058,155,1033,2,2025-09-18,completed
501059,183,1005,3,2025-10-12,pending
501060,19,1012,4,2025-07-25,cancelled
501061,106,1010,2,2025-10-08,completed
501062,99,1003,3,2025-04-17,pending
501063,152,1023,4,2025-10-18,completed
501064,61,1008,1,2025-12-31,cancelled
501065,215,1027,1,2025-10-31,cancelled
501066,119,1013,1,2025-08-16,completed
501067,104,1003,1,2025-12-17,cancelled
501068,198,1018,3,2025-09-11,pending
501069,170,1003,1,2025-04-22,completed
501070,194,1000,2,2025-12-05,completed
501071,75,1019,4,2025-04-11,completed
501072,82,1012,3,2025-08-11,pending
501073,89,1004,1,2025-11-10,cancelled
501074,104,1006,3,2025-02-01,completed
501075,14,1000,3,2025-02-26,completed
501076,61,1023,4,2025-11-17,completed
501077,104,1018,4,2025-10-07,completed
501078,122,1007,2,2025-10-12,completed
501079,93,1022,2,2025-05-28,pending
501080,33,1006,1,2025-02-06,pending
501081,5,1007,4,2025-12-03,completed
501082,35,1004,2,2025-11-25,completed
501083,202,1035,4,2025-11-16,completed
501084,109,1032,4,2025-07-16,completed
501085,109,1035,1,2025-10-23,completed
501086,61,1028,3,2025-07-30,cancelled
501087,148,1017,1,2025-01-20,cancelled
501088,124,1017,1,2025-10-25,completed
501089,21,1007,3,2025-08-27,cancelled
501090,21,1030,1,2025-05-06,completed
501091,170,1003,3,2025-11-10,completed
501092,137,1000,4,2025-08-21,cancelled
501093,121,1033,3,2025-08-04,completed
501094,205,1012,3,2025-03-27,completed
501095,153,1012,3,2025-02-01,pending
501096,122,1033,2,2025-10-21,completed
501097,75,1001,3,2025-09-06,completed
501098,20,1011,3,2025-03-09,cancelled
501099,72,1011,3,2025-01-08,pending
501100,29,1035,2,2025-10-30,pending
501101,39,1024,3,2025-03-31,completed
501102,61,1027,2,2025-09-28,completed
501103,22,1007,2,2025-09-11,completed
501104,61,1023,2,2025-04-18,cancelled
501105,188,1015,1,2025-11-25,completed
501106,30,1002,2,2025-08-26,completed
501107,122,1030,2,2025-07-14,pending
501108,181,1019,4,2025-05-15,completed
501109,112,1000,3,2025-08-18,completed
501110,136,1002,1,2025-09-30,pending
501111,91,1023,3,2025-06-21,completed
501112,26,1010,4,2025-08-25,pending
501113,192,1010,2,2025-09-24,completed
501114,47,1012,1,2025-12-11,completed
501115,4,1021,1,2025-09-26,completed
501116,90,1009,3,2025-05-09,completed
501117,15,1034,2,2025-11-03,pending
501118,32,1006,1,2025-11-06,completed
501119,196,1032,2,2025-02-26,pending
501120,48,1010,3,2025-08-28,pending
501121,20,1025,3,2025-08-07,pending
501122,171,1012,3,2025-03-24,completed
501123,100,1013,1,2025-05-13,completed
501124,18,1027,2,2025-11-09,completed
501125,126,1005,2,2025-10-04,completed
501126,165,1005,4,2025-05-13,completed
501127,187,1010,4,2025-01-10,completed
501128,10,1019,3,2025-03-19,pending
501129,85,1019,1,2025-09-21,pending
501130,198,1027,4,2025-08-12,completed
501131,200,1003,2,2025-01-02,completed
501132,210,1027,1,2025-10-18,cancelled
501133,92,1013,3,2025-07-25,completed
501134,166,1004,3,2025-10-01,completed
501135,118,1011,2,2025-04-01,cancelled
501136,11,1019,2,2025-06-03,pending
501137,100,1005,3,2025-09-07,completed
501138,113,1008,2,2025-01-19,completed
501139,126,1019,1,2025-10-04,pending
501140,79,1028,4,2025-01-09,completed
501141,87,1002,4,2025-03-02,completed
501142,171,1030,4,2025-12-14,cancelled
501143,39,1033,2,2025-02-06,completed
501144,126,1000,4,2025-11-13,completed
501145,167,1006,1,2025-03-30,pending
501146,13,1012,1,2025-08-22,cancelled
501147,44,1034,1,2025-02-24,completed
501148,205,1009,1,2025-04-14,completed
501149,84,1006,2,2025-06-14,completed
501150,152,1008,3,2025-02-02,completed
501151,179,1017,2,2025-08-13,completed
501152,11,1006,1,2025-11-20,cancelled
501153,97,1007,1,2025-09-07,completed
501154,181,1034,3,2025-08-02,pending
501155,207,1026,2,2025-04-16,completed
501156,134,1024,4,2025-05-03,completed
501157,10,1035,2,2025-09-13,cancelled
501158,23,1012,3,2025-08-03,completed
501159,50,1006,1,2025-11-13,completed
501160,139,1028,2,2025-08-26,pending
501161,169,1009,3,2025-01-28,completed
501162,128,1008,2,2025-12-10,completed
501163,54,1023,3,2025-06-21,cancelled
501164,207,1025,1,2025-02-23,pending
501165,14,1031,2,2025-03-22,completed
501166,30,1003,2,2025-08-16,cancelled
501167,149,1013,4,2025-04-12,pending
501168,174,1013,2,2025-02-26,completed
501169,61,1021,2,2025-07-12,completed
501170,14,1023,2,2025-04-21,cancelled
501171,117,1008,4,2025-07-11,completed
501172,50,1016,3,2025-04-14,completed
501173,178,1033,1,2025-05-24,completed
501174,120,1025,4,2025-03-29,completed
501175,76,1035,2,2025-11-23,cancelled
501176,44,1033,2,2025-02-14,completed
501177,126,1009,4,2025-08-25,completed
501178,64,1013,4,2025-10-24,completed
501179,152,1007,1,2025-08-02,completed
501180,9,1022,4,2025-09-03,pending
501181,211,1005,4,2025-09-11,completed
501182,193,1000,4,2025-04-22,completed
501183,62,1004,1,2025-09-03,pending
501184,79,1007,4,2025-10-20,pending
501185,150,1001,4,2025-08-26,completed
501186,104,1008,3,2025-11-17,completed
501187,1,1003,4,2025-12-20,completed
501188,76,1022,3,2025-12-24,cancelled
501189,139,1033,2,2025-12-17,completed
501190,86,1002,3,2025-01-27,completed
501191,120,1002,3,2025-07-07,completed
501192,181,1003,2,2025-03-12,completed
501193,30,1026,2,2025-04-26,completed
501194,69,1028,4,2025-05-22,completed
501195,125,1028,1,2025-08-29,pending
501196,137,1030,3,2025-08-20,cancelled
501197,95,1003,2,2025-08-23,completed
501198,46,1011,1,2025-02-25,completed
501199,128,1007,2,2025-09-24,pending
501200,6,1012,4,2025-12-16,cancelled
501201,34,1026,3,2025-08-04,completed
501202,6,1011,2,2025-02-02,completed
501203,60,1029,3,2025-07-30,cancelled
501204,88,1013,4,2025-10-31,pending
501205,179,1030,4,2025-08-23,completed
501206,203,1012,2,2025-05-14,completed
501207,74,1002,2,2025-06-30,completed
501208,43,1007,3,2025-04-04,completed
501209,178,1007,2,2025-05-02,completed
501210,33,1024,3,2025-07-09,completed
501211,182,1001,3,2025-06-26,completed
501212,139,1007,3,2025-03-04,completed
501213,128,1007,4,2025-06-13,completed
501214,130,1013,3,2025-08-31,completed
501215,194,1033,2,2025-10-17,pending
501216,114,1014,1,2025-09-03,completed
501217,142,1005,3,2025-01-13,completed
501218,57,1024,3,2025-02-17,completed
501219,150,1030,2,2025-05-23,completed
501220,174,1004,4,2025-04-10,completed
501221,155,1029,1,2025-12-08,completed
501222,184,1022,3,2025-07-17,completed
501223,79,1024,1,2025-04-21,pending
501224,114,1022,4,2025-05-28,completed
501225,109,1021,2,2025-10-28,cancelled
501226,23,1007,2,2025-06-05,completed
501227,135,1014,1,2025-10-30,completed
501228,105,1011,4,2025-03-31,cancelled
501229,119,1033,2,2025-04-13,completed
501230,75,1032,4,2025-01-22,completed
501231,78,1028,4,2025-04-25,completed
501232,40,1011,3,2025-11-24,pending
501233,121,1006,3,2025-08-02,completed
501234,177,1010,1,2025-03-03,completed
501235,18,1035,3,2025-10-25,completed
501236,67,1026,1,2025-07-11,cancelled
501237,188,1033,1,2025-05-13,completed
501238,38,1012,4,2025-12-21,completed
501239,14,1011,3,2025-08-03,pending
501240,92,1002,3,2025-05-30,cancelled
501241,164,1003,2,2025-11-18,completed
501242,154,1007,3,2025-06-11,pending
501243,205,1012,3,2025-12-17,pending
501244,177,1016,1,2025-10-01,cancelled
501245,91,1007,1,2025-03-12,cancelled
501246,73,1017,4,2025-07-30,completed
501247,42,1005,2,2025-03-21,cancelled
501248,57,1008,1,2025-08-02,completed
501249,30,1006,1,2025-09-03,completed
501250,93,1007,4,2025-11-02,cancelled
501251,196,1014,2,2025-12-30,completed
501252,33,1007,2,2025-06-07,completed
501253,177,1005,1,2025-01-10,completed
501254,11,1008,1,2025-01-17,pending
501255,132,1034,1,2025-08-29,completed
501256,12,1003,3,2025-12-08,completed
501257,201,1006,2,2025-10-28,completed
501258,90,1001,1,2025-03-16,pending
501259,72,1033,3,2025-06-30,completed
501260,200,1010,1,2025-02-20,cancelled
501261,196,1000,2,2025-04-09,completed
501262,194,1031,1,2025-02-20,completed
501263,218,1026,3,2025-12-24,cancelled
501264,48,1023,1,2025-04-03,completed
501265,109,1009,2,2025-07-28,completed
501266,81,1006,4,2025-02-26,cancelled
501267,35,1028,3,2025-12-27,completed
501268,11,1004,3,2025-09-10,completed
501269,117,1035,3,2025-12-18,completed
501270,105,1011,4,2025-04-07,completed
501271,206,1026,3,2025-04-02,completed
501272,126,1005,4,2025-08-13,cancelled
501273,169,1004,1,2025-03-15,completed
501274,152,1005,2,2025-02-03,completed
501275,87,1009,4,2025-03-04,completed
501276,186,1028,3,2025-10-25,cancelled
501277,70,1020,3,2025-09-01,pending
501278,155,1021,4,2025-09-19,completed
501279,117,1005,1,2025-05-09,completed
501280,161,1006,1,2025-02-20,pending
501281,14,1003,4,2025-12-14,completed
501282,98,1035,3,2025-03-20,completed
501283,25,1003,4,2025-08-27,completed
501284,128,1027,3,2025-10-05,completed
501285,139,1031,1,2025-01-17,completed
501286,31,1019,4,2025-06-11,completed
501287,10,1001,2,2025-10-13,pending
501288,200,1012,2,2025-09-09,completed
501289,125,1005,4,2025-12-04,cancelled
501290,176,1031,4,2025-09-01,cancelled
501291,219,1007,1,2025-07-20,completed
501292,97,1015,3,2025-06-14,completed
501293,215,1017,3,2025-10-26,completed
501294,161,1014,4,2025-02-19,completed
501295,92,1021,3,2025-01-29,pending
501296,63,1010,2,2025-11-28,completed
501297,177,1003,3,2025-02-28,completed
501298,138,1013,1,2025-08-24,pending
501299,109,1033,4,2025-05-17,completed
501300,151,1001,3,2025-07-13,cancelled
501301,100,1012,1,2025-09-08,completed
501302,53,1014,4,2025-09-15,pending
501303,87,1007,3,2025-07-06,completed
501304,216,1030,2,2025-05-28,completed
501305,206,1009,1,2025-10-24,completed
501306,70,1003,4,2025-08-07,completed
501307,20,1012,3,2025-08-10,pending
501308,139,1012,2,2025-08-01,completed
501309,172,1031,2,2025-01-10,pending
501310,181,1029,2,2025-10-23,completed
501311,211,1026,3,2025-11-23,cancelled
501312,208,1023,1,2025-09-25,completed
501313,38,1010,2,2025-12-17,completed
501314,106,1012,1,2025-11-21,completed
501315,69,1011,2,2025-05-12,pending
501316,154,1010,4,2025-05-03,completed
501317,205,1012,4,2025-09-06,cancelled
501318,112,1022,1,2025-04-14,completed
501319,8,1010,3,2025-12-04,cancelled
501320,46,1002,4,2025-01-11,completed
501321,22,1012,3,2025-02-02,completed
501322,172,1004,4,2025-03-13,completed
501323,189,1028,1,2025-09-25,pending
501324,213,1033,3,2025-09-12,completed
501325,32,1012,3,2025-10-27,pending
501326,100,1010,4,2025-04-22,completed
501327,113,1021,3,2025-10-29,completed
501328,96,1005,3,2025-10-07,completed
501329,64,1011,2,2025-07-05,completed
501330,211,1012,1,2025-11-27,cancelled
501331,9,1002,2,2025-05-10,cancelled
501332,99,1012,3,2025-12-17,completed
501333,61,1024,4,2025-01-05,completed
501334,66,1012,1,2025-05-01,completed
501335,162,1012,4,2025-01-18,completed
501336,211,1027,4,2025-07-31,completed
501337,210,1005,2,2025-12-24,completed
501338,91,1022,3,2025-08-21,pending
501339,8,1002,2,2025-11-19,completed
501340,35,1000,4,2025-04-13,pending
501341,79,1012,1,2025-02-26,completed
501342,217,1034,4,2025-06-13,completed
501343,189,1006,3,2025-03-30,pending
501344,152,1013,3,2025-04-12,completed
501345,47,1020,4,2025-10-20,completed
501346,166,1009,1,2025-08-25,completed
501347,103,1023,3,2025-03-18,completed
501348,44,1033,1,2025-01-08,pending
501349,135,1023,4,2025-12-11,completed
501350,183,1009,2,2025-05-17,completed
501351,98,1006,4,2025-04-16,cancelled
501352,56,1011,2,2025-08-03,completed
501353,38,1001,3,2025-05-15,completed
501354,64,1017,4,2025-02-13,completed
501355,83,1020,2,2025-07-16,pending
501356,109,1035,3,2025-02-07,completed
501357,14,1013,2,2025-08-30,completed
501358,172,1035,1,2025-01-03,completed
501359,98,1012,4,2025-12-10,completed
501360,149,1008,3,2025-03-28,cancelled
501361,127,1014,4,2025-03-09,completed
501362,136,1023,2,2025-05-14,completed
501363,33,1028,3,2025-07-04,completed
501364,68,1011,3,2025-08-12,completed
501365,143,1023,1,2025-04-07,completed
501366,121,1010,2,2025-12-28,completed
501367,127,1002,4,2025-07-02,pending
501368,144,1027,4,2025-09-10,completed
501369,38,1006,3,2025-02-17,completed
501370,47,1008,3,2025-10-16,pending
501371,150,1009,1,2025-09-27,cancelled
501372,47,1022,1,2025-05-07,completed
501373,85,1001,3,2025-12-15,pending
501374,32,1020,3,2025-10-30,completed
501375,40,1001,1,2025-08-24,pending
501376,169,1027,4,2025-11-18,completed
501377,2,1013,1,2025-12-02,cancelled
501378,116,1013,2,2025-04-19,completed
501379,73,1012,1,2025-02-06,cancelled
501380,155,1018,1,2025-07-24,completed
501381,198,1020,1,2025-01-11,completed
501382,200,1021,3,2025-11-28,pending
501383,40,1006,3,2025-09-09,completed
501384,80,1035,2,2025-07-03,pending
501385,25,1017,2,2025-09-08,completed
501386,122,1011,4,2025-02-16,completed
501387,158,1008,4,2025-11-19,completed
501388,119,1009,2,2025-09-11,cancelled
501389,162,1030,1,2025-05-29,completed
501390,206,1026,3,2025-03-18,completed
501391,77,1010,4,2025-06-01,cancelled
501392,13,1031,1,2025-01-24,cancelled
501393,28,1029,4,2025-07-31,completed
501394,185,1033,3,2025-07-01,completed
501395,197,1028,1,2025-02-28,pending
501396,170,1025,2,2025-04-04,completed
501397,81,1034,4,2025-12-10,completed
501398,68,1014,2,2025-04-19,completed
501399,155,1010,1,2025-08-11,cancelled
501400,5,1000,4,2025-03-01,completed
501401,123,1025,4,2025-12-03,pending
501402,155,1027,3,2025-11-13,cancelled
501403,93,1020,3,2025-02-14,completed
501404,49,1005,1,2025-12-23,completed
501405,54,1027,2,2025-11-29,completed
501406,161,1031,2,2025-02-14,completed
501407,38,1026,4,2025-01-12,completed
501408,40,1024,4,2025-08-30,completed
501409,150,1010,2,2025-05-31,cancelled
501410,213,1019,1,2025-06-20,completed
501411,217,1023,4,2025-09-11,pending
501412,149,1035,3,2025-01-19,completed
501413,132,1034,4,2025-04-29,pending
501414,16,1030,1,2025-08-05,cancelled
501415,81,1032,1,2025-05-18,pending
501416,107,1026,1,2025-09-11,cancelled
501417,166,1015,4,2025-12-24,completed
501418,121,1015,4,2025-04-29,cancelled
501419,57,1034,3,2025-11-05,pending
501420,169,1026,2,2025-05-31,pending
501421,183,1019,4,2025-12-11,pending
501422,189,1016,4,2025-03-24,cancelled
501423,54,1011,1,2025-12-08,completed
501424,156,1027,1,2025-08-01,completed
501425,54,1032,1,2025-01-10,completed
501426,92,1007,2,2025-09-15,completed
501427,87,1023,1,2025-11-13,completed
501428,58,1027,3,2025-06-24,completed
501429,198,1032,3,2025-03-19,pending
501430,132,1035,1,2025-12-28,completed
501431,113,1025,1,2025-02-24,cancelled
501432,157,1005,1,2025-09-17,completed
501433,31,1009,3,2025-03-22,pending
501434,75,1024,4,2025-02-20,completed
501435,86,1007,1,2025-04-14,completed
501436,197,1000,2,2025-08-31,completed
501437,44,1004,3,2025-07-10,pending
501438,194,1021,3,2025-11-19,pending
501439,63,1007,4,2025-04-27,completed
501440,106,1021,4,2025-09-22,pending
501441,93,1001,4,2025-03-16,completed
501442,133,1003,1,2025-06-23,completed
501443,198,1007,4,2025-02-01,completed
501444,170,1007,1,2025-11-20,pending
501445,205,1029,3,2025-08-03,completed
501446,180,1032,3,2025-06-10,completed
501447,157,1007,4,2025-08-17,pending
501448,53,1031,4,2025-12-24,completed
501449,201,1021,2,2025-06-04,completed
501450,186,1006,3,2025-04-20,completed
501451,80,1029,3,2025-11-22,completed
501452,67,1010,3,2025-08-05,cancelled
501453,29,1003,3,2025-05-13,pending
501454,130,1016,1,2025-01-25,pending
501455,32,1024,3,2025-10-21,pending
501456,2,1025,3,2025-05-01,pending
501457,149,1032,2,2025-06-29,completed
501458,201,1033,2,2025-07-13,cancelled
501459,189,1010,1,2025-06-17,cancelled
501460,150,1008,3,2025-08-21,completed
501461,21,1004,1,2025-08-06,completed
501462,115,1003,3,2025-12-13,cancelled
501463,104,1034,4,2025-05-16,cancelled
501464,128,1022,4,2025-12-19,completed
501465,107,1007,2,2025-09-16,completed
501466,118,1006,1,2025-12-22,completed
501467,9,1007,3,2025-03-02,cancelled
501468,219,1021,1,2025-03-03,completed
501469,11,1030,2,2025-03-02,completed
501470,96,1012,3,2025-09-06,completed
501471,37,1034,4,2025-01-25,completed
501472,56,1008,4,2025-01-02,completed
501473,18,1002,4,2025-09-04,cancelled
501474,80,1032,4,2025-06-22,completed
501475,185,1035,2,2025-03-12,cancelled
501476,163,1025,4,2025-12-08,completed
501477,187,1013,1,2025-11-16,pending
501478,160,1021,4,2025-04-30,completed
501479,12,1024,3,2025-11-27,completed
501480,182,1001,3,2025-10-15,pending
501481,32,1032,1,2025-04-09,cancelled
501482,139,1033,1,2025-10-19,cancelled
501483,49,1026,1,2025-03-03,pending
501484,137,1008,1,2025-05-21,completed
501485,114,1004,3,2025-07-25,cancelled
501486,12,1027,1,2025-06-24,completed
501487,7,1030,3,2025-07-15,completed
501488,44,1011,2,2025-04-04,completed
501489,40,1012,4,2025-12-14,completed
501490,7,1002,3,2025-07-19,completed
501491,106,1012,3,2025-07-12,completed
501492,61,1027,4,2025-02-28,completed
501493,105,1003,4,2025-01-15,completed
501494,5,1011,1,2025-05-07,cancelled
501495,167,1006,3,2025-10-18,completed
501496,217,1028,2,2025-03-14,completed
501497,44,1010,4,2025-10-12,completed
501498,168,1007,1,2025-01-31,completed
501499,90,1009,3,2025-01-24,completed
501500,145,1003,3,2025-02-15,completed
501501,213,1007,3,2025-08-10,completed
501502,206,1012,3,2025-11-22,completed
501503,182,1024,3,2025-05-06,pending
501504,83,1014,2,2025-08-24,cancelled
501505,85,1000,2,2025-11-27,completed
501506,2,1000,2,2025-07-31,cancelled
501507,179,1027,4,2025-10-03,completed
501508,167,1003,1,2025-12-10,completed
501509,91,1018,3,2025-07-18,completed
501510,208,1000,1,2025-08-25,completed
501511,114,1000,2,2025-01-11,completed
501512,182,1016,2,2025-02-16,cancelled
501513,161,1012,2,2025-04-30,completed
501514,10,1011,4,2025-12-27,pending
501515,156,1009,1,2025-04-11,pending
501516,102,1005,3,2025-10-19,cancelled
501517,127,1008,2,2025-12-04,pending
501518,145,1035,2,2025-02-03,cancelled
501519,33,1003,2,2025-05-13,cancelled
501520,220,1009,3,2025-04-09,pending
501521,6,1030,3,2025-12-15,cancelled
501522,117,1000,4,2025-11-25,pending
501523,167,1002,3,2025-08-10,completed
501524,175,1029,4,2025-09-11,completed
501525,12,1009,1,2025-05-23,completed
501526,81,1000,4,2025-04-10,completed
501527,147,1001,2,2025-12-20,completed
501528,64,1008,2,2025-06-18,completed
501529,8,1027,4,2025-01-13,cancelled
501530,205,1014,3,2025-05-07,completed
501531,88,1002,3,2025-09-24,completed
501532,199,1035,4,2025-02-18,pending
501533,115,1033,1,2025-02-13,completed
501534,97,1012,1,2025-03-07,completed
501535,114,1002,3,2025-11-09,pending
501536,111,1003,1,2025-12-13,completed
501537,76,1018,4,2025-02-19,cancelled
501538,193,1021,2,2025-11-03,pending
501539,160,1000,4,2025-07-16,completed
501540,159,1005,3,2025-11-30,pending
501541,201,1001,4,2025-09-22,completed
501542,28,1005,1,2025-11-01,pending
501543,18,1034,2,2025-10-21,completed
501544,66,1016,4,2025-09-04,pending
501545,159,1024,2,2025-05-05,completed
501546,16,1006,3,2025-10-27,completed
501547,167,1016,3,2025-10-26,cancelled
501548,199,1007,2,2025-08-29,completed
501549,75,1017,1,2025-09-23,cancelled
501550,169,1007,1,2025-05-02,cancelled
501551,210,1032,1,2025-08-05,completed
501552,52,1009,1,2025-06-24,completed
501553,178,1026,3,2025-10-24,cancelled
501554,86,1012,4,2025-06-18,completed
501555,57,1000,2,2025-12-21,completed
501556,55,1010,4,2025-06-19,pending
501557,97,1009,4,2025-04-05,completed
501558,19,1016,1,2025-10-12,completed
501559,113,1008,3,2025-01-23,completed
501560,57,1011,2,2025-06-23,cancelled
501561,63,1008,2,2025-01-12,completed
501562,26,1001,2,2025-07-14,pending
501563,202,1005,3,2025-04-18,completed
501564,95,1017,2,2025-09-27,cancelled
501565,112,1003,1,2025-03-15,completed
501566,50,1030,4,2025-12-22,completed
501567,110,1010,1,2025-11-12,cancelled
501568,49,1030,3,2025-03-18,completed
501569,162,1011,2,2025-09-18,cancelled
501570,126,1009,1,2025-08-29,pending
501571,158,1003,2,2025-09-18,completed
501572,166,1029,3,2025-09-13,cancelled
501573,119,1008,3,2025-12-31,completed
501574,124,1028,4,2025-05-18,cancelled
501575,103,1034,1,2025-04-17,completed
501576,116,1010,4,2025-04-22,completed
501577,97,1033,2,2025-07-11,completed
501578,35,1004,3,2025-08-16,cancelled
501579,91,1009,1,2025-08-27,cancelled
501580,160,1014,4,2025-08-19,completed
501581,95,1028,3,2025-05-20,completed
501582,68,1003,3,2025-02-12,completed
501583,132,1031,1,2025-05-22,completed
501584,10,1031,2,2025-06-20,completed
501585,65,1012,3,2025-04-08,pending
501586,155,1007,3,2025-01-05,completed
501587,104,1033,1,2025-08-30,pending
501588,132,1007,4,2025-04-27,completed
501589,54,1026,2,2025-09-22,cancelled
501590,202,1032,4,2025-08-25,completed
501591,81,1008,4,2025-12-24,completed
501592,8,1018,2,2025-10-23,completed
501593,189,1000,4,2025-12-04,completed
501594,108,1022,4,2025-12-20,cancelled
501595,77,1013,1,2025-10-18,completed
501596,40,1013,4,2025-07-15,completed
501597,17,1030,4,2025-04-07,completed
501598,146,1024,3,2025-02-17,completed
501599,142,1008,1,2025-12-19,cancelled
501600,126,1001,2,2025-04-12,completed
501601,99,1011,2,2025-04-30,completed
501602,18,1025,1,2025-07-08,cancelled
501603,3,1008,3,2025-07-30,completed
501604,138,1022,4,2025-02-05,completed
501605,53,1006,2,2025-06-08,completed
501606,171,1026,2,2025-11-06,cancelled
501607,80,1034,2,2025-09-15,pending
501608,176,1025,3,2025-04-14,completed
501609,115,1003,4,2025-11-06,completed
501610,146,1027,4,2025-08-25,cancelled
501611,11,1004,3,2025-11-27,completed
501612,216,1012,4,2025-11-10,completed
501613,46,1023,4,2025-07-16,pending
501614,47,1033,1,2025-07-21,pending
501615,12,1010,2,2025-05-21,pending
501616,138,1011,1,2025-12-24,pending
501617,185,1009,4,2025-07-30,cancelled
501618,32,1017,1,2025-02-23,cancelled
501619,197,1013,4,2025-08-19,completed
501620,130,1002,4,2025-01-14,completed
501621,173,1025,4,2025-06-25,pending
501622,103,1008,4,2025-01-20,completed
501623,84,1025,4,2025-08-25,completed
501624,169,1010,4,2025-03-13,completed
501625,216,1007,2,2025-01-10,cancelled
501626,26,1008,3,2025-03-05,cancelled
501627,190,1019,2,2025-02-09,pending
501628,196,1000,3,2025-03-20,completed
501629,56,1001,2,2025-08-15,pending
501630,13,1030,1,2025-07-19,pending
501631,79,1024,1,2025-11-03,completed
501632,64,1018,2,2025-04-13,completed
501633,87,1008,1,2025-04-23,completed
501634,213,1007,2,2025-01-23,completed
501635,209,1013,3,2025-10-15,pending
501636,49,1009,4,2025-08-08,completed
501637,83,1008,1,2025-07-25,pending
501638,81,1000,4,2025-04-19,completed
501639,169,1011,3,2025-01-23,completed
501640,106,1012,4,2025-02-22,pending
501641,138,1033,2,2025-05-09,completed
501642,162,1019,2,2025-06-20,completed
501643,177,1012,4,2025-02-04,completed
501644,98,1029,2,2025-09-15,cancelled
501645,181,1000,2,2025-01-11,cancelled
501646,195,1006,3,2025-05-02,pending
501647,110,1010,1,2025-01-31,completed
501648,76,1009,2,2025-07-12,completed
501649,61,1035,4,2025-06-18,completed
501650,165,1002,4,2025-11-28,completed
501651,59,1013,3,2025-05-05,completed
501652,171,1010,2,2025-11-08,completed
501653,47,1024,1,2025-02-03,completed
501654,163,1007,2,2025-03-06,completed
501655,61,1028,1,2025-08-07,pending
501656,120,1012,2,2025-04-12,completed
501657,156,1010,3,2025-05-27,cancelled
501658,115,1009,3,2025-09-04,completed
501659,93,1020,4,2025-03-27,completed
501660,130,1035,4,2025-03-21,completed
501661,219,1004,3,2025-11-01,cancelled
501662,40,1032,2,2025-05-12,completed
501663,117,1011,4,2025-10-15,cancelled
501664,124,1003,3,2025-03-11,pending
501665,121,1008,2,2025-04-08,completed
501666,126,1021,4,2025-07-22,pending
501667,96,1019,4,2025-06-07,pending
501668,151,1003,4,2025-01-20,completed
501669,145,1007,2,2025-08-12,completed
501670,193,1015,4,2025-11-22,pending
501671,95,1002,4,2025-08-06,pending
501672,64,1010,4,2025-01-18,completed
501673,174,1001,2,2025-05-14,cancelled
501674,117,1007,3,2025-05-07,cancelled
501675,149,1007,1,2025-03-01,completed
501676,99,1020,1,2025-09-23,completed
501677,43,1022,3,2025-12-21,completed
501678,137,1018,3,2025-07-30,pending
501679,23,1005,3,2025-03-15,completed
501680,192,1020,3,2025-01-04,completed
501681,1,1004,1,2025-12-23,completed
501682,168,1011,4,2025-03-29,completed
501683,181,1006,2,2025-09-07,completed
501684,29,1024,2,2025-04-06,completed
501685,67,1021,4,2025-11-17,cancelled
501686,28,1007,1,2025-05-31,completed
501687,71,1003,3,2025-01-16,cancelled
501688,61,1026,4,2025-12-11,completed
501689,171,1034,1,2025-02-19,completed
501690,2,1018,3,2025-09-06,completed
501691,155,1023,3,2025-07-09,pending
501692,88,1012,2,2025-07-04,pending
501693,103,1018,1,2025-07-02,completed
501694,1,1025,4,2025-03-13,completed
501695,136,1011,2,2025-07-08,completed
501696,169,1026,4,2025-12-05,completed
501697,5,1016,1,2025-06-16,pending
501698,114,1010,4,2025-07-24,pending
501699,157,1004,3,2025-08-08,completed
501700,220,1005,4,2025-05-31,cancelled
501701,50,1007,1,2025-03-07,completed
501702,78,1031,4,2025-03-28,completed
501703,124,1031,2,2025-05-05,completed
501704,169,1004,1,2025-08-11,pending
501705,8,1007,3,2025-07-16,completed
501706,172,1006,2,2025-10-01,pending
501707,186,1027,1,2025-12-21,completed
501708,148,1035,1,2025-11-26,completed
501709,184,1018,4,2025-04-30,completed
501710,75,1004,1,2025-02-15,completed
501711,49,1005,3,2025-03-07,completed
501712,148,1000,3,2025-02-01,cancelled
501713,138,1008,4,2025-08-05,completed
501714,205,1006,2,2025-02-24,completed
501715,38,1012,2,2025-09-13,pending
501716,117,1007,3,2025-03-16,pending
501717,171,1001,3,2025-06-08,cancelled
501718,177,1006,3,2025-12-28,cancelled
501719,123,1009,4,2025-05-30,pending
501720,97,1003,3,2025-03-20,pending
501721,54,1009,1,2025-04-02,completed
501722,77,1007,1,2025-10-08,completed
501723,90,1019,4,2025-02-06,cancelled
501724,187,1011,3,2025-12-23,completed
501725,141,1020,1,2025-03-09,completed
501726,149,1002,3,2025-08-23,pending
501727,42,1033,2,2025-08-15,pending
501728,124,1011,2,2025-04-18,completed
501729,51,1000,3,2025-10-22,completed
501730,220,1007,4,2025-08-07,pending
501731,216,1008,1,2025-02-19,completed
501732,46,1002,1,2025-09-21,pending
501733,87,1034,4,2025-03-18,pending
501734,185,1021,2,2025-01-18,completed
501735,126,1012,2,2025-12-01,pending
501736,97,1004,4,2025-11-29,completed
501737,168,1024,3,2025-01-06,completed
501738,32,1027,2,2025-01-12,cancelled
501739,147,1033,4,2025-05-21,pending
501740,191,1004,2,2025-07-16,completed
501741,180,1023,3,2025-10-20,completed
501742,17,1031,2,2025-07-27,pending
501743,6,1020,4,2025-02-02,cancelled
501744,215,1034,1,2025-04-17,pending
501745,31,1008,2,2025-01-03,cancelled
501746,115,1012,1,2025-01-21,completed
501747,168,1007,1,2025-10-15,completed
501748,9,1004,1,2025-09-17,completed
501749,140,1008,4,2025-12-03,completed
501750,201,1012,4,2025-03-13,cancelled
501751,126,1012,3,2025-11-07,cancelled
501752,131,1009,1,2025-12-06,completed
501753,77,1009,2,2025-11-05,cancelled
501754,56,1034,3,2025-05-23,completed
501755,109,1003,3,2025-05-14,completed
501756,42,1020,4,2025-02-12,completed
501757,178,1007,2,2025-02-06,pending
501758,188,1011,2,2025-07-10,cancelled
501759,169,1029,2,2025-08-03,completed
501760,202,1023,4,2025-01-14,cancelled
501761,64,1003,3,2025-03-05,cancelled
501762,29,1031,4,2025-02-03,completed
501763,93,1013,3,2025-03-16,completed
501764,26,1018,2,2025-07-13,completed
501765,32,1008,3,2025-10-29,completed
501766,73,1031,3,2025-11-08,completed
501767,44,1012,4,2025-04-03,completed
501768,174,1030,4,2025-09-02,cancelled
501769,33,1010,1,2025-12-18,cancelled
501770,183,1007,2,2025-03-15,completed
501771,69,1002,3,2025-12-29,completed
501772,108,1025,2,2025-08-13,completed
501773,129,1011,3,2025-08-08,cancelled
501774,184,1009,3,2025-11-22,completed
501775,105,1012,1,2025-11-21,completed
501776,43,1033,1,2025-02-13,pending
501777,74,1032,4,2025-01-06,completed
501778,188,1006,4,2025-09-12,cancelled
501779,176,1030,1,2025-07-27,completed
501780,213,1000,4,2025-12-26,cancelled
501781,192,1015,2,2025-12-05,cancelled
501782,176,1035,1,2025-11-07,completed
501783,173,1030,2,2025-03-31,completed
501784,35,1029,3,2025-01-27,completed
501785,44,1018,1,2025-06-23,pending
501786,64,1031,1,2025-05-29,completed
501787,68,1009,1,2025-11-20,cancelled
501788,101,1009,3,2025-11-26,cancelled
501789,212,1001,4,2025-11-13,completed
501790,2,1025,3,2025-06-02,completed
501791,90,1008,4,2025-07-01,completed
501792,22,1030,2,2025-07-30,completed
501793,2,1007,3,2025-04-26,completed
501794,77,1017,4,2025-04-04,cancelled
501795,208,1011,1,2025-08-13,pending
501796,215,1023,2,2025-03-13,completed
501797,2,1016,2,2025-02-26,completed
501798,35,1020,4,2025-06-19,completed
501799,51,1027,3,2025-03-02,completed
501800,127,1006,3,2025-07-24,cancelled
501801,186,1019,2,2025-02-26,completed
501802,33,1007,3,2025-09-14,completed
501803,61,1002,3,2025-08-08,cancelled
501804,189,1000,4,2025-09-03,completed
501805,22,1023,2,2025-11-13,completed
501806,48,1010,3,2025-02-28,completed
501807,64,1023,2,2025-08-31,pending
501808,201,1005,2,2025-04-07,cancelled
501809,162,1007,2,2025-03-03,completed
501810,71,1008,2,2025-08-07,completed
501811,24,1002,4,2025-07-28,cancelled
501812,79,1010,2,2025-06-22,completed
501813,131,1022,1,2025-06-05,completed
501814,72,1015,4,2025-05-07,completed
501815,47,1002,1,2025-01-27,pending
501816,191,1012,2,2025-05-27,completed
501817,111,1008,3,2025-09-09,completed
501818,172,1000,2,2025-06-19,completed
501819,93,1034,3,2025-05-02,pending
501820,71,1009,4,2025-02-14,completed
501821,11,1034,2,2025-04-09,pending
501822,115,1005,1,2025-10-07,cancelled
501823,88,1012,4,2025-04-14,cancelled
501824,185,1007,1,2025-03-07,completed
501825,183,1010,3,2025-07-07,completed
501826,31,1023,1,2025-09-05,completed
501827,129,1001,2,2025-11-03,completed
501828,34,1011,1,2025-10-17,completed
501829,178,1008,4,2025-09-11,pending
501830,137,1029,1,2025-03-26,completed
501831,99,1032,4,2025-07-25,cancelled
501832,70,1009,2,2025-01-02,completed
501833,152,1000,4,2025-09-15,pending
501834,185,1030,3,2025-06-05,completed
501835,69,1032,1,2025-03-29,completed
501836,11,1007,3,2025-03-10,completed
501837,14,1010,2,2025-10-01,completed
501838,84,1004,3,2025-03-10,completed
501839,76,1013,1,2025-11-17,completed
501840,57,1011,2,2025-05-12,completed
501841,200,1034,1,2025-12-19,completed
501842,66,1035,2,2025-08-15,completed
501843,53,1034,4,2025-03-21,completed
501844,186,1023,3,2025-03-17,completed
501845,47,1025,2,2025-04-01,completed
501846,187,1008,3,2025-01-11,completed
501847,176,1035,2,2025-02-05,completed
501848,166,1021,1,2025-09-27,completed
501849,207,1000,1,2025-07-13,completed
501850,34,1010,1,2025-05-18,completed
501851,154,1000,1,2025-02-24,cancelled
501852,189,1014,1,2025-04-14,completed
501853,145,1024,2,2025-06-07,completed
501854,63,1002,3,2025-11-18,cancelled
501855,32,1001,1,2025-02-22,cancelled
501856,76,1005,4,2025-03-14,completed
501857,7,1009,4,2025-07-17,completed
501858,74,1009,4,2025-12-18,pending
501859,211,1005,4,2025-03-28,completed
501860,73,1016,1,2025-11-12,completed
501861,22,1002,2,2025-04-02,completed
501862,154,1008,4,2025-03-18,pending
501863,176,1012,3,2025-06-28,completed
501864,68,1003,1,2025-03-18,pending
501865,38,1012,2,2025-07-19,completed
501866,202,1026,1,2025-02-27,cancelled
501867,110,1011,2,2025-02-16,completed
501868,47,1019,3,2025-06-13,completed
501869,178,1021,3,2025-03-12,pending
501870,63,1019,4,2025-10-09,completed
501871,127,1030,2,2025-07-16,completed
501872,108,1030,2,2025-12-26,completed
501873,1,1009,1,2025-07-05,cancelled
501874,122,1006,1,2025-01-31,completed
501875,218,1007,3,2025-08-24,completed
501876,142,1022,2,2025-04-18,completed
501877,179,1007,4,2025-01-14,pending
501878,109,1017,1,2025-12-26,completed
501879,19,1026,2,2025-01-16,completed
501880,21,1010,1,2025-01-07,cancelled
501881,213,1022,2,2025-04-04,completed
501882,192,1030,3,2025-08-29,completed
501883,114,1000,3,2025-02-26,completed
501884,165,1001,2,2025-09-15,completed
501885,142,1010,3,2025-12-30,completed
501886,41,1011,1,2025-09-25,completed
501887,33,1009,4,2025-11-13,completed
501888,155,1003,4,2025-09-02,completed
501889,104,1018,2,2025-01-28,completed
501890,50,1011,1,2025-02-23,completed
501891,200,1014,1,2025-05-03,completed
501892,28,1003,2,2025-11-02,completed
501893,80,1008,2,2025-11-23,completed
501894,145,1002,4,2025-01-24,completed
501895,80,1000,3,2025-05-25,completed
501896,81,1019,3,2025-03-08,pending
501897,173,1004,3,2025-07-28,pending
501898,129,1005,2,2025-01-13,cancelled
501899,204,1018,4,2025-10-28,completed
501900,39,1025,1,2025-11-17,completed
501901,60,1009,2,2025-03-24,cancelled
501902,133,1035,3,2025-08-18,completed
501903,93,1023,1,2025-12-31,pending
501904,100,1010,2,2025-11-09,cancelled
501905,20,1007,4,2025-02-19,completed
501906,205,1004,4,2025-02-18,completed
501907,76,1007,1,2025-05-24,cancelled
501908,94,1015,1,2025-02-06,completed
501909,118,1010,4,2025-05-12,completed
501910,36,1006,4,2025-01-21,completed
501911,103,1021,2,2025-08-14,completed
501912,160,1012,3,2025-02-12,pending
501913,106,1028,4,2025-05-15,pending
501914,11,1002,2,2025-12-25,cancelled
501915,3,1007,1,2025-05-29,completed
501916,58,1019,4,2025-12-09,completed
501917,120,1030,4,2025-02-25,completed
501918,28,1020,4,2025-04-13,completed
501919,82,1014,4,2025-04-19,pending
501920,190,1026,1,2025-05-23,completed
501921,38,1009,3,2025-10-18,completed
501922,199,1018,1,2025-07-05,completed
501923,55,1002,2,2025-01-12,pending
501924,109,1011,3,2025-11-22,completed
501925,104,1004,3,2025-12-31,completed
501926,135,1009,3,2025-04-05,completed
501927,193,1012,2,2025-04-12,completed
501928,124,1026,2,2025-12-23,completed
501929,178,1033,4,2025-01-06,cancelled
501930,201,1035,2,2025-02-09,pending
501931,171,1033,2,2025-06-15,pending
501932,211,1012,1,2025-03-19,completed
501933,128,1012,1,2025-12-12,completed
501934,116,1006,4,2025-11-24,cancelled
501935,25,1001,2,2025-04-07,completed
501936,199,1007,4,2025-04-21,completed
501937,4,1017,3,2025-01-09,completed
501938,129,1006,4,2025-11-29,completed
501939,91,1015,4,2025-09-25,completed
501940,46,1025,4,2025-07-11,completed
501941,42,1031,4,2025-07-15,completed
501942,177,1023,3,2025-12-26,cancelled
501943,220,1005,1,2025-02-23,completed
501944,158,1021,1,2025-09-12,pending
501945,193,1031,1,2025-11-21,completed
501946,207,1001,3,2025-08-04,completed
501947,117,1031,4,2025-02-28,completed
501948,32,1015,4,2025-07-31,pending
501949,181,1020,1,2025-07-11,completed
501950,69,1011,3,2025-08-01,pending
501951,62,1000,4,2025-01-17,completed
501952,210,1035,3,2025-06-21,completed
501953,111,1010,4,2025-04-09,cancelled
501954,165,1020,1,2025-10-23,completed
501955,163,1019,2,2025-07-26,completed
501956,112,1010,1,2025-12-30,completed
501957,162,1033,4,2025-11-18,completed
501958,41,1012,2,2025-02-17,completed
501959,40,1001,1,2025-10-20,completed
501960,117,1016,2,2025-05-03,pending
501961,57,1012,2,2025-10-02,completed
501962,207,1018,3,2025-12-04,completed
501963,37,1001,1,2025-02-26,completed
501964,32,1005,2,2025-05-25,completed
501965,24,1003,4,2025-07-05,completed
501966,126,1001,4,2025-02-07,completed
501967,20,1009,4,2025-07-12,completed
501968,116,1007,2,2025-06-02,completed
501969,169,1033,1,2025-03-02,completed
501970,124,1035,1,2025-03-23,cancelled
501971,190,1010,1,2025-04-09,cancelled
501972,8,1030,1,2025-09-23,cancelled
501973,195,1007,2,2025-07-06,completed
501974,8,1013,2,2025-04-23,completed
501975,33,1011,3,2025-09-04,completed
501976,90,1031,3,2025-08-28,pending
501977,208,1028,4,2025-09-20,completed
501978,65,1008,2,2025-12-18,pending
501979,72,1020,1,2025-10-26,cancelled
501980,80,1007,2,2025-09-07,completed
501981,109,1035,3,2025-06-13,cancelled
501982,28,1035,4,2025-08-08,completed
501983,96,1003,4,2025-03-27,completed
501984,65,1034,4,2025-05-31,cancelled
501985,212,1030,3,2025-07-23,completed
501986,208,1012,4,2025-04-06,completed
501987,96,1007,3,2025-03-04,completed
501988,55,1025,3,2025-04-30,cancelled
501989,17,1019,3,2025-11-05,completed
501990,27,1032,3,2025-11-08,pending
501991,20,1033,4,2025-12-16,completed
501992,82,1008,2,2025-01-26,completed
501993,71,1022,1,2025-03-05,completed
501994,84,1034,4,2025-05-02,cancelled
501995,6,1011,1,2025-11-26,cancelled
501996,2,1025,3,2025-03-09,completed
501997,11,1014,1,2025-02-05,completed
501998,206,1022,3,2025-05-21,completed
501999,103,1004,3,2025-09-10,cancelled
502000,13,1020,3,2025-12-23,completed
502001,165,1006,3,2025-11-13,completed
502002,36,1005,3,2025-12-19,pending
502003,112,1009,2,2025-02-15,completed
502004,208,1017,1,2025-12-19,completed
502005,201,1002,1,2025-01-25,completed
502006,85,1018,3,2025-12-24,completed
502007,150,1025,1,2025-03-06,completed
502008,193,1034,4,2025-11-23,completed
502009,134,1030,2,2025-10-23,completed
502010,72,1012,4,2025-04-26,completed
502011,91,1032,2,2025-12-04,pending
502012,189,1009,1,2025-02-08,completed
502013,120,1019,2,2025-09-07,completed
502014,209,1034,3,2025-06-09,pending
502015,117,1007,1,2025-03-08,completed
502016,99,1024,2,2025-07-24,completed
502017,176,1012,1,2025-03-17,completed
502018,191,1005,2,2025-01-09,completed
502019,8,1026,4,2025-06-30,completed
502020,141,1004,3,2025-08-09,completed
502021,129,1023,3,2025-01-28,completed
502022,26,1002,4,2025-08-05,completed
502023,104,1008,3,2025-09-29,cancelled
502024,127,1029,4,2025-02-25,pending
502025,13,1010,1,2025-04-23,completed
502026,69,1010,1,2025-09-30,completed
502027,101,1020,1,2025-04-23,pending
502028,211,1011,4,2025-04-16,completed
502029,89,1011,3,2025-01-02,completed
502030,190,1012,2,2025-03-29,completed
502031,43,1008,3,2025-08-22,completed
502032,171,1026,4,2025-06-21,completed
502033,68,1003,2,2025-12-14,completed
502034,122,1034,1,2025-09-08,completed
502035,12,1000,3,2025-04-27,cancelled
502036,129,1007,2,2025-02-18,completed
502037,116,1027,3,2025-10-07,completed
502038,65,1017,4,2025-01-07,completed
502039,86,1029,4,2025-02-27,completed
502040,187,1001,2,2025-07-30,completed
502041,37,1016,4,2025-01-16,completed
502042,179,1023,3,2025-04-16,pending
502043,23,1008,4,2025-11-24,completed
502044,161,1031,4,2025-09-27,completed
502045,174,1015,3,2025-07-20,cancelled
502046,107,1011,3,2025-04-08,completed
502047,180,1014,1,2025-08-10,completed
502048,203,1015,3,2025-02-26,completed
502049,176,1007,4,2025-12-15,completed
502050,75,1032,2,2025-06-05,completed
502051,205,1012,1,2025-08-21,completed
502052,14,1027,3,2025-01-03,completed
502053,214,1000,1,2025-05-09,completed
502054,73,1028,2,2025-02-14,pending
502055,70,1007,2,2025-08-10,cancelled
502056,21,1011,2,2025-01-17,completed
502057,64,1019,4,2025-07-24,completed
502058,78,1035,3,2025-03-30,cancelled
502059,112,1012,2,2025-12-16,completed
502060,52,1012,3,2025-02-13,completed
502061,161,1025,2,2025-07-12,completed
502062,135,1024,3,2025-09-15,pending
502063,183,1016,4,2025-07-01,completed
502064,106,1025,1,2025-10-14,completed
502065,108,1004,2,2025-11-11,completed
502066,149,1029,3,2025-03-07,cancelled
502067,140,1032,3,2025-01-28,completed
502068,172,1000,4,2025-09-23,completed
502069,22,1002,3,2025-11-29,completed
502070,25,1011,4,2025-12-20,completed
502071,32,1034,1,2025-12-26,completed
502072,144,1028,2,2025-04-25,pending
502073,164,1007,3,2025-11-18,completed
502074,2,1027,2,2025-02-28,completed
502075,134,1004,2,2025-04-15,completed
502076,214,1028,4,2025-07-20,completed
502077,77,1021,4,2025-04-05,completed
502078,140,1010,4,2025-12-03,cancelled
502079,32,1023,2,2025-11-22,completed
502080,210,1010,2,2025-09-19,pending
502081,180,1031,2,2025-09-01,completed
502082,171,1005,4,2025-07-08,pending
502083,71,1019,4,2025-12-24,completed
502084,209,1022,2,2025-01-15,completed
502085,145,1019,1,2025-10-25,completed
502086,11,1016,2,2025-08-28,pending
502087,118,1011,1,2025-03-23,completed
502088,129,1009,3,2025-12-28,cancelled
502089,100,1029,1,2025-03-31,pending
502090,39,1015,3,2025-08-24,pending
502091,220,1007,3,2025-12-04,completed
502092,18,1027,4,2025-08-30,cancelled
502093,169,1008,3,2025-03-08,pending
502094,83,1034,3,2025-10-27,cancelled
502095,213,1021,1,2025-01-24,completed
502096,41,1010,1,2025-12-07,completed
502097,174,1026,3,2025-04-29,pending
502098,204,1010,1,2025-03-31,pending
502099,99,1022,1,2025-02-01,cancelled
502100,65,1005,1,2025-02-07,completed
502101,156,1001,2,2025-06-14,completed
502102,97,1006,2,2025-04-11,completed
502103,174,1011,2,2025-04-14,pending
502104,42,1023,2,2025-02-14,cancelled
502105,7,1004,2,2025-01-18,completed
502106,93,1021,1,2025-06-24,completed
502107,187,1030,4,2025-04-08,completed
502108,122,1028,3,2025-07-02,cancelled
502109,144,1007,1,2025-08-13,completed
502110,19,1033,1,2025-03-07,cancelled
502111,77,1005,1,2025-09-13,completed
502112,139,1013,1,2025-04-25,completed
502113,65,1019,3,2025-02-04,completed
502114,20,1030,2,2025-09-23,cancelled
502115,129,1012,4,2025-11-13,completed
502116,29,1034,4,2025-05-15,pending
502117,8,1001,3,2025-08-04,completed
502118,196,1003,2,2025-04-15,cancelled
502119,210,1013,1,2025-05-01,completed
502120,145,1035,1,2025-06-27,completed
502121,154,1004,4,2025-03-08,completed
502122,27,1001,4,2025-09-17,completed
502123,111,1026,3,2025-04-27,completed
502124,7,1008,4,2025-12-16,pending
502125,189,1000,4,2025-01-27,completed
502126,179,1006,4,2025-12-26,completed
502127,30,1023,1,2025-11-12,completed
502128,88,1023,1,2025-05-02,completed
502129,3,1009,4,2025-10-02,cancelled
502130,12,1000,2,2025-01-30,completed
502131,113,1008,3,2025-01-23,completed
502132,168,1010,3,2025-03-08,cancelled
502133,102,1027,1,2025-12-03,completed
502134,127,1016,2,2025-08-16,pending
502135,78,1017,3,2025-12-01,completed
502136,69,1012,1,2025-01-28,completed
502137,181,1027,3,2025-02-10,completed
502138,216,1029,2,2025-06-06,pending
502139,142,1009,1,2025-07-10,pending
502140,209,1007,1,2025-05-01,pending
502141,113,1025,1,2025-01-11,completed
502142,70,1011,4,2025-06-03,completed
502143,127,1000,4,2025-07-16,completed
502144,48,1023,1,2025-12-05,completed
502145,156,1014,3,2025-10-30,completed
502146,88,1023,4,2025-01-30,completed
502147,185,1011,4,2025-08-06,cancelled
502148,185,1033,3,2025-03-25,completed
502149,61,1006,1,2025-05-24,pending
502150,71,1004,2,2025-10-05,completed
502151,102,1001,3,2025-07-05,completed
502152,201,1035,1,2025-03-05,completed
502153,83,1011,2,2025-08-16,completed
502154,10,1016,4,2025-11-23,cancelled
502155,56,1021,1,2025-10-24,completed
502156,157,1031,3,2025-02-02,completed
502157,197,1011,3,2025-09-11,completed
502158,159,1002,2,2025-02-28,pending
502159,10,1008,4,2025-10-24,completed
502160,16,1010,3,2025-01-09,pending
502161,217,1015,1,2025-11-04,completed
502162,20,1028,4,2025-02-27,cancelled
502163,20,1010,2,2025-06-16,cancelled
502164,96,1022,1,2025-11-25,completed
502165,37,1001,3,2025-11-07,completed
502166,105,1018,4,2025-05-31,cancelled
502167,8,1007,3,2025-01-23,completed
502168,152,1001,1,2025-11-08,completed
502169,131,1029,3,2025-04-21,completed
502170,9,1007,4,2025-11-29,completed
502171,58,1032,4,2025-10-03,pending
502172,32,1030,1,2025-11-07,completed
502173,134,1024,3,2025-05-18,completed
502174,76,1010,3,2025-05-05,completed
502175,178,1010,4,2025-07-29,completed
502176,20,1016,4,2025-11-06,completed
502177,108,1009,2,2025-10-03,completed
502178,105,1034,2,2025-11-07,completed
502179,88,1012,1,2025-02-11,completed
502180,38,1033,4,2025-11-20,completed
502181,117,1000,2,2025-03-03,completed
502182,142,1026,1,2025-03-06,completed
502183,7,1007,1,2025-03-09,cancelled
502184,136,1019,4,2025-07-01,completed
502185,143,1010,3,2025-03-02,completed
502186,87,1034,1,2025-01-24,completed
502187,91,1024,4,2025-11-19,completed
502188,112,1011,4,2025-12-25,completed
502189,186,1034,1,2025-03-19,completed
502190,95,1025,4,2025-06-14,completed
502191,185,1034,3,2025-02-19,completed
502192,88,1002,4,2025-05-27,completed
502193,194,1008,2,2025-01-22,pending
502194,188,1009,4,2025-09-23,completed
502195,158,1012,1,2025-06-27,completed
502196,125,1023,2,2025-03-28,completed
502197,67,1035,1,2025-04-29,pending
502198,72,1007,1,2025-04-16,cancelled
502199,215,1029,2,2025-01-15,cancelled
502200,11,1031,2,2025-01-04,completed
502201,7,1017,2,2025-05-25,cancelled
502202,110,1024,2,2025-08-21,completed
502203,184,1006,4,2025-08-10,completed
502204,36,1011,1,2025-07-01,completed
502205,57,1003,3,2025-03-22,cancelled
502206,86,1011,4,2025-11-19,pending
502207,132,1003,3,2025-01-20,completed
502208,181,1029,3,2025-04-08,cancelled
502209,170,1001,1,2025-05-06,completed
502210,57,1008,3,2025-08-29,completed
502211,48,1028,3,2025-03-09,completed
502212,23,1029,2,2025-01-02,completed
502213,182,1008,1,2025-08-03,pending
502214,68,1018,2,2025-11-23,completed
502215,169,1008,3,2025-04-29,completed
502216,126,1019,3,2025-10-06,completed
502217,57,1005,3,2025-08-03,completed
502218,170,1022,1,2025-04-01,completed
502219,170,1005,3,2025-12-23,completed
502220,199,1027,4,2025-11-04,completed
502221,8,1011,3,2025-09-17,completed
502222,201,1021,1,2025-10-15,completed
502223,82,1021,4,2025-08-15,completed
502224,14,1011,4,2025-04-23,completed
502225,12,1012,4,2025-07-29,completed
502226,43,1030,2,2025-11-17,completed
502227,158,1013,2,2025-11-06,cancelled
502228,6,1001,4,2025-02-16,pending
502229,86,1015,1,2025-12-02,completed
502230,93,1030,2,2025-03-22,cancelled
502231,102,1009,3,2025-03-24,completed
502232,188,1010,1,2025-01-19,completed
502233,135,1005,4,2025-09-06,completed
502234,78,1001,2,2025-11-20,pending
502235,64,1001,3,2025-03-05,completed
502236,34,1011,1,2025-02-09,completed
502237,181,1022,1,2025-01-08,pending
502238,213,1031,2,2025-02-18,pending
502239,151,1019,2,2025-11-07,completed
502240,109,1029,1,2025-06-04,completed
502241,26,1011,4,2025-07-12,completed
502242,57,1021,3,2025-09-05,completed
502243,137,1028,2,2025-07-15,completed
502244,187,1020,3,2025-10-07,pending
502245,28,1024,2,2025-10-23,completed
502246,60,1024,3,2025-09-02,cancelled
502247,28,1012,3,2025-03-15,pending
502248,22,1004,2,2025-04-17,completed
502249,22,1007,4,2025-11-12,completed
502250,215,1033,2,2025-01-31,completed
502251,80,1014,2,2025-01-19,completed
502252,154,1021,1,2025-05-18,pending
502253,54,1032,4,2025-10-07,completed
502254,167,1010,3,2025-08-25,pending
502255,124,1029,1,2025-02-23,completed
502256,97,1006,1,2025-03-24,cancelled
502257,192,1006,2,2025-04-12,completed
502258,30,1001,4,2025-09-11,completed
502259,135,1027,2,2025-10-08,completed
502260,76,1006,4,2025-05-31,pending
502261,174,1011,3,2025-11-11,completed
502262,43,1007,3,2025-09-25,pending
502263,53,1017,3,2025-08-30,completed
502264,85,1006,2,2025-09-26,pending
502265,213,1026,1,2025-06-12,completed
502266,121,1003,1,2025-06-09,pending
502267,49,1009,1,2025-10-03,completed
502268,153,1007,1,2025-06-29,pending
502269,144,1009,3,2025-11-18,completed
502270,71,1011,4,2025-10-27,pending
502271,79,1017,4,2025-05-11,cancelled
502272,139,1009,1,2025-10-31,completed
502273,46,1011,1,2025-03-06,cancelled
502274,151,1019,3,2025-10-22,cancelled
502275,155,1011,4,2025-04-18,completed
502276,24,1007,2,2025-03-26,completed
502277,83,1003,1,2025-03-12,cancelled
502278,207,1023,4,2025-12-07,completed
502279,129,1006,2,2025-10-14,completed
502280,99,1026,3,2025-06-09,cancelled
502281,82,1030,1,2025-11-06,completed
502282,163,1011,2,2025-08-12,cancelled
502283,114,1027,3,2025-12-17,completed
502284,112,1015,2,2025-01-13,completed
502285,198,1015,4,2025-04-20,cancelled
502286,144,1008,4,2025-07-11,completed
502287,3,1008,4,2025-07-04,cancelled
502288,50,1000,3,2025-06-18,completed
502289,65,1028,1,2025-11-07,completed
502290,102,1002,3,2025-05-21,pending
502291,15,1033,1,2025-08-30,cancelled
502292,162,1025,4,2025-03-30,completed
502293,166,1031,1,2025-01-20,completed
502294,181,1008,2,2025-02-12,completed
502295,31,1002,4,2025-11-23,pending
502296,16,1012,1,2025-10-06,completed
502297,50,1000,3,2025-12-11,completed
502298,44,1034,3,2025-09-22,completed
502299,104,1022,1,2025-02-03,completed
502300,129,1007,3,2025-02-12,completed
502301,71,1035,2,2025-12-19,cancelled
502302,105,1008,1,2025-06-09,completed
502303,31,1014,4,2025-10-18,pending
502304,23,1032,4,2025-02-15,completed
502305,47,1004,2,2025-06-12,cancelled
502306,161,1001,2,2025-01-06,completed
502307,118,1004,2,2025-06-07,pending
502308,165,1008,2,2025-06-08,completed
502309,74,1008,3,2025-03-13,cancelled
502310,81,1021,2,2025-04-07,completed
502311,46,1012,3,2025-12-24,completed
502312,149,1017,3,2025-11-25,cancelled
502313,116,1008,1,2025-10-27,completed
502314,180,1023,3,2025-11-27,pending
502315,204,1011,2,2025-06-25,pending
502316,129,1031,3,2025-02-16,cancelled
502317,198,1009,3,2025-04-22,completed
502318,169,1008,4,2025-03-13,completed
502319,96,1032,4,2025-12-04,cancelled
502320,9,1012,1,2025-11-19,completed
502321,3,1007,4,2025-09-01,completed
502322,92,1012,2,2025-08-28,cancelled
502323,48,1001,4,2025-11-12,completed
502324,178,1023,4,2025-08-31,completed
502325,96,1035,3,2025-09-05,pending
502326,103,1012,1,2025-04-30,cancelled
502327,28,1022,4,2025-05-18,cancelled
502328,103,1034,1,2025-03-25,cancelled
502329,43,1012,2,2025-10-18,completed
502330,24,1012,2,2025-06-27,completed
502331,118,1000,2,2025-04-13,completed
502332,21,1008,2,2025-04-15,completed
502333,176,1032,3,2025-01-03,completed
502334,26,1026,4,2025-12-24,completed
502335,172,1018,4,2025-12-28,completed
502336,25,1019,2,2025-06-12,completed
502337,84,1011,4,2025-11-02,completed
502338,89,1027,1,2025-04-24,cancelled
502339,46,1010,3,2025-07-05,completed
502340,1,1035,4,2025-02-09,pending
502341,59,1007,4,2025-04-07,completed
502342,87,1019,2,2025-08-06,completed
502343,100,1027,1,2025-05-14,completed
502344,102,1029,1,2025-08-27,completed
502345,188,1005,4,2025-01-07,completed
502346,148,1028,4,2025-12-18,completed
502347,109,1002,3,2025-08-06,completed
502348,30,1035,4,2025-09-15,completed
502349,183,1014,3,2025-02-27,completed
502350,137,1019,1,2025-03-18,completed
502351,182,1034,3,2025-04-12,cancelled
502352,209,1025,4,2025-01-25,completed
502353,32,1027,4,2025-07-07,completed
502354,176,1017,3,2025-08-06,completed
502355,197,1001,3,2025-04-02,completed
502356,5,1024,3,2025-06-02,pending
502357,10,1035,1,2025-07-02,pending
502358,10,1030,4,2025-05-08,completed
502359,187,1007,4,2025-08-09,completed
502360,118,1010,4,2025-01-21,completed
502361,156,1005,4,2025-09-20,pending
502362,21,1014,3,2025-08-05,completed
502363,185,1004,4,2025-03-01,completed
502364,78,1029,2,2025-12-22,completed
502365,122,1009,4,2025-05-21,pending
502366,177,1008,3,2025-09-14,pending
502367,12,1035,4,2025-04-03,pending
502368,73,1011,1,2025-07-28,completed
502369,71,1011,4,2025-11-03,pending
502370,82,1004,2,2025-04-26,completed
502371,57,1003,3,2025-12-31,cancelled
502372,212,1025,4,2025-11-22,cancelled
502373,85,1031,4,2025-09-01,cancelled
502374,4,1014,3,2025-06-13,completed
502375,39,1025,4,2025-04-18,cancelled
502376,179,1008,4,2025-05-11,completed
502377,162,1027,3,2025-02-12,completed
502378,136,1017,3,2025-05-30,completed
502379,120,1001,2,2025-11-16,cancelled
502380,43,1015,4,2025-08-01,completed
502381,73,1032,4,2025-05-01,completed
502382,34,1018,1,2025-02-19,completed
502383,29,1033,3,2025-04-02,completed
502384,189,1020,4,2025-06-30,completed
502385,154,1011,3,2025-07-05,pending
502386,28,1012,4,2025-04-26,completed
502387,119,1011,4,2025-03-22,completed
502388,1,1030,3,2025-08-26,pending
502389,45,1005,4,2025-10-25,pending
502390,108,1022,4,2025-04-07,pending
502391,8,1009,2,2025-11-09,cancelled
502392,129,1004,4,2025-01-12,completed
502393,43,1033,4,2025-12-17,completed
502394,6,1035,4,2025-10-10,cancelled
502395,50,1007,4,2025-07-08,pending
502396,62,1008,4,2025-12-31,completed
502397,8,1009,4,2025-08-24,completed
502398,114,1010,2,2025-08-25,cancelled
502399,165,1005,3,2025-03-23,completed
502400,18,1000,1,2025-12-16,pending
502401,105,1029,4,2025-07-17,completed
502402,67,1031,1,2025-11-07,pending
502403,137,1001,4,2025-09-04,pending
502404,16,1011,4,2025-01-21,completed
502405,131,1023,4,2025-03-05,completed
502406,68,1033,1,2025-03-28,completed
502407,87,1007,2,2025-09-05,completed
502408,118,1027,2,2025-05-14,completed
502409,114,1013,4,2025-12-25,completed
502410,153,1001,2,2025-03-17,cancelled
502411,74,1001,2,2025-07-09,cancelled
502412,93,1011,3,2025-03-23,cancelled
502413,163,1012,4,2025-08-14,pending
502414,76,1007,2,2025-03-17,cancelled
502415,75,1019,3,2025-11-23,completed
502416,78,1007,1,2025-05-13,completed
502417,191,1029,4,2025-09-02,cancelled
502418,44,1015,2,2025-10-28,cancelled
502419,81,1030,3,2025-07-13,completed
502420,135,1027,2,2025-09-05,completed
502421,58,1012,2,2025-04-25,completed
502422,167,1008,3,2025-09-13,completed
502423,164,1000,2,2025-04-14,completed
502424,103,1005,3,2025-09-17,completed
502425,137,1031,1,2025-01-29,completed
502426,64,1010,3,2025-04-04,pending
502427,167,1010,2,2025-12-20,pending
502428,117,1008,1,2025-11-08,completed
502429,24,1008,1,2025-03-09,cancelled
502430,78,1003,2,2025-04-27,completed
502431,149,1026,4,2025-02-20,cancelled
502432,201,1002,3,2025-11-21,completed
502433,30,1024,1,2025-09-01,completed
502434,151,1009,4,2025-06-03,cancelled
502435,3,1034,4,2025-02-27,pending
502436,114,1008,4,2025-01-01,completed
502437,154,1011,4,2025-11-20,completed
502438,73,1012,3,2025-09-30,completed
502439,174,1032,3,2025-11-17,completed
502440,194,1008,4,2025-01-04,completed
502441,131,1026,4,2025-03-25,completed
502442,25,1024,3,2025-11-23,pending
502443,138,1008,2,2025-02-25,completed
502444,82,1030,4,2025-02-22,pending
502445,77,1035,2,2025-10-20,pending
502446,40,1012,2,2025-04-09,completed
502447,219,1007,2,2025-06-16,cancelled
502448,122,1034,4,2025-05-18,completed
502449,121,1012,3,2025-03-16,completed
502450,116,1012,4,2025-10-16,completed
502451,2,1021,1,2025-07-29,completed
502452,36,1025,3,2025-01-10,pending
502453,52,1009,3,2025-05-31,completed
502454,84,1032,2,2025-04-21,cancelled
502455,129,1023,3,2025-02-24,completed
502456,84,1027,4,2025-01-24,pending
502457,100,1027,2,2025-05-24,cancelled
502458,151,1018,1,2025-02-21,completed
502459,71,1031,3,2025-08-13,completed
502460,35,1003,3,2025-07-31,completed
502461,151,1012,2,2025-10-15,completed
502462,84,1033,3,2025-10-13,cancelled
502463,210,1011,1,2025-03-13,completed
502464,180,1012,3,2025-08-17,pending
502465,55,1008,3,2025-08-28,completed
502466,86,1008,3,2025-05-11,cancelled
502467,192,1001,2,2025-03-03,pending
502468,106,1022,4,2025-09-07,completed
502469,16,1029,3,2025-01-09,cancelled
502470,112,1001,3,2025-10-03,completed
502471,86,1003,1,2025-10-17,completed
502472,200,1005,2,2025-09-20,completed
502473,120,1035,2,2025-02-07,pending
502474,111,1011,4,2025-08-20,pending
502475,39,1013,1,2025-04-04,pending
502476,148,1014,4,2025-09-28,pending
502477,190,1023,1,2025-07-25,cancelled
502478,76,1000,4,2025-01-10,completed
502479,110,1007,3,2025-04-25,cancelled
502480,173,1013,4,2025-12-01,pending
502481,52,1033,3,2025-10-23,completed
502482,38,1009,3,2025-04-03,completed
502483,200,1006,3,2025-02-05,completed
502484,59,1009,2,2025-06-05,completed
502485,70,1010,2,2025-07-01,completed
502486,214,1018,1,2025-08-16,pending
502487,219,1009,4,2025-01-26,completed
502488,51,1009,4,2025-10-30,completed
502489,149,1029,1,2025-03-25,completed
502490,126,1035,3,2025-06-12,completed
502491,24,1028,3,2025-09-02,completed
502492,117,1000,1,2025-07-14,completed
502493,220,1005,3,2025-07-04,completed
502494,112,1012,2,2025-12-26,completed
502495,208,1019,4,2025-01-09,completed
502496,83,1002,2,2025-05-08,completed
502497,33,1029,2,2025-03-13,pending
502498,121,1001,1,2025-11-02,completed
502499,170,1012,3,2025-11-13,completed
502500,108,1008,2,2025-09-23,completed
502501,208,1008,3,2025-02-26,completed
502502,104,1018,3,2025-11-15,completed
502503,8,1026,1,2025-03-15,completed
502504,44,1007,1,2025-01-08,completed
502505,24,1022,1,2025-02-27,completed
502506,107,1030,4,2025-03-10,cancelled
502507,208,1000,3,2025-09-01,completed
502508,66,1006,3,2025-12-03,cancelled
502509,94,1004,4,2025-09-10,pending
502510,213,1033,2,2025-03-06,completed
502511,207,1007,2,2025-12-04,completed
502512,184,1021,3,2025-11-11,completed
502513,65,1008,3,2025-06-18,pending
502514,119,1034,3,2025-03-09,completed
502515,170,1007,1,2025-07-17,pending
502516,13,1008,2,2025-01-08,completed
502517,214,1010,2,2025-07-23,completed
502518,220,1015,2,2025-11-18,cancelled
502519,104,1024,2,2025-08-21,cancelled
502520,68,1031,4,2025-03-02,pending
502521,72,1029,3,2025-06-22,completed
502522,207,1027,4,2025-12-06,completed
502523,88,1029,3,2025-02-02,completed
502524,7,1031,2,2025-02-18,completed
502525,213,1005,1,2025-10-09,pending
502526,76,1006,3,2025-06-07,completed
502527,22,1028,2,2025-07-23,cancelled
502528,50,1007,2,2025-01-09,completed
502529,91,1030,2,2025-10-16,cancelled
502530,135,1002,3,2025-10-04,completed
502531,136,1007,3,2025-03-23,completed
502532,163,1009,2,2025-10-04,cancelled
502533,109,1009,3,2025-01-26,completed
502534,122,1026,3,2025-03-11,pending
502535,77,1000,1,2025-05-09,pending
502536,143,1012,2,2025-11-10,cancelled
502537,18,1003,4,2025-03-13,completed
502538,42,1010,4,2025-03-23,pending
502539,108,1019,2,2025-05-08,completed
502540,71,1007,4,2025-03-05,pending
502541,190,1034,2,2025-04-16,completed
502542,71,1013,1,2025-11-23,completed
502543,135,1005,4,2025-04-29,pending
502544,113,1012,1,2025-10-05,pending
502545,157,1025,2,2025-02-06,pending
502546,88,1011,1,2025-07-15,completed
502547,150,1008,4,2025-05-30,completed
502548,23,1035,3,2025-05-04,pending
502549,127,1023,4,2025-01-30,pending
502550,27,1011,3,2025-05-09,pending
502551,131,1013,4,2025-12-08,completed
502552,22,1000,1,2025-09-06,completed
502553,57,1034,4,2025-12-07,completed
502554,200,1027,4,2025-11-07,cancelled
502555,171,1018,1,2025-11-05,completed
502556,204,1005,1,2025-03-02,completed
502557,173,1035,4,2025-07-21,pending
502558,191,1002,3,2025-11-28,completed
502559,147,1030,1,2025-07-24,pending
502560,191,1023,1,2025-04-21,cancelled
502561,47,1001,3,2025-02-20,completed
502562,206,1001,4,2025-05-10,completed
502563,89,1015,2,2025-05-22,completed
502564,84,1025,3,2025-03-24,completed
502565,141,1012,4,2025-06-28,completed
502566,220,1004,3,2025-06-30,cancelled
502567,138,1009,3,2025-06-06,completed
502568,24,1021,3,2025-11-15,completed
502569,194,1018,2,2025-05-16,pending
502570,125,1015,3,2025-08-13,completed
502571,44,1012,1,2025-02-27,completed
502572,130,1032,3,2025-10-14,cancelled
502573,46,1020,1,2025-04-12,completed
502574,154,1021,3,2025-03-16,pending
502575,88,1030,3,2025-07-23,completed
502576,27,1012,1,2025-06-15,completed
502577,11,1010,2,2025-12-08,completed
502578,63,1009,4,2025-11-28,completed
502579,6,1027,4,2025-08-01,cancelled
502580,142,1033,2,2025-07-31,completed
502581,149,1020,4,2025-05-14,pending
502582,204,1017,3,2025-08-09,completed
502583,61,1012,3,2025-02-09,pending
502584,35,1012,2,2025-10-03,cancelled
502585,33,1004,4,2025-10-02,completed
502586,212,1035,2,2025-06-28,pending
502587,180,1032,2,2025-08-27,completed
502588,14,1025,4,2025-09-12,cancelled
502589,112,1003,2,2025-01-12,cancelled
502590,115,1032,1,2025-06-27,completed
502591,38,1003,3,2025-02-03,pending
502592,71,1033,3,2025-01-15,pending
502593,154,1027,4,2025-12-27,completed
502594,56,1024,3,2025-10-03,pending
502595,173,1012,3,2025-04-30,cancelled
502596,205,1029,4,2025-03-15,cancelled
502597,175,1034,3,2025-01-04,cancelled
502598,14,1016,1,2025-02-06,cancelled
502599,17,1030,4,2025-03-24,pending
